date,episode,segment,name_ja,name_en,description_ja,metadata,subbed,ccturl,panelist_1,panelist_2,panelist_3,panelist_4,panelist_5
2014-04-23,1,1,競歩の選手 全員 他の競技で挫折した人説,,,,FALSE,,,,,,
2014-04-23,1,2,スケバン 絶滅説,,,,FALSE,,,,,,
2014-04-23,1,3,北朝鮮 実はスゴい説,,,,FALSE,,,,,,
2014-04-23,1,4,引退後の力士の髪型が総じておかしいのはマゲで毛穴が後ろに持っていかれているから説,,,,FALSE,,,,,,
2014-04-23,1,5,出産の痛み 未だ芯喰った喩え出ていない説,,,,FALSE,,,,,,
2014-04-30,2,1,SFの未来 読み甘い説,,,,FALSE,,,,,,
2014-04-30,2,2,タレント本 出すと危険説,,,,FALSE,,,,,,
2014-04-30,2,3,"駄菓子 増税で""あたり""減ってる説",,,,FALSE,,,,,,
2014-04-30,2,4,ボディビルダー かなづち説,,,,FALSE,,,,,,
2014-05-07,3,1,こぶとりじいさんのこぶの価値観 めちゃくちゃ説,,,,FALSE,,,,,,
2014-05-07,3,2,金太郎のストーリー 誰も知らない説,,,,FALSE,,,,,,
2014-05-07,3,3,昔話にコンプライアンスの波 押し寄せてる説,,,,FALSE,,,,,,
2014-05-07,3,4,ホラー映画 製作者の都合でガチガチ説,,,,FALSE,,,,,,
2014-05-07,3,5,街のとてもやっていけてるとは思えない店 実は地主説,,,,FALSE,,,,,,
2014-05-07,3,6,銭湯に桶持ってくる人 絶滅説,,,,FALSE,,,,,,
2014-05-21,4,1,芸能界一肌がキレイなのは綾瀬はるか説,,,,FALSE,,,,,,
2014-05-21,4,2,勝俣州和 ファン0人説,,,,FALSE,,,,,,
2014-05-21,4,3,理科室の人体模型 ただのインテリア説,,,,FALSE,,,,,,
2014-05-21,4,4,ロメロスペシャル 相手の協力なくして成立しない説,,,,FALSE,,,,,,
2014-05-28,5,1,裁判官 笑いにめちゃくちゃ強い説,,,,FALSE,,,,,,
2014-05-28,5,2,鎖鎌 最弱説,,,,FALSE,,,,,,
2014-05-28,5,3,かえるぴょこぴょこ…難しすぎる説,,,,FALSE,,,,,,
2014-05-28,5,4,冬眠から目覚めた熊 その日の夜はさすがに眠くならない説,,,,FALSE,,,,,,
2014-06-04,6,1,ウド鈴木 いい人行き過ぎてクレイジー説,,,,FALSE,,,,,,
2014-06-04,6,2,勝俣州和の名前 漢字で書ける人0人説,,,,FALSE,,,,,,
2014-06-04,6,3,バケツリレー 実は効率悪いんじゃないか説,,,,FALSE,,,,,,
2014-06-04,6,4,ストッキング被って水に落ちるやつ 誰がやっても面白い説,,,,FALSE,,,,,,
2014-06-11,7,1,貧富の差 拡大してる説,,,,FALSE,,,,,,
2014-06-11,7,2,バラエティ番組の黒人枠 向こう10年ボビー説,,,,FALSE,,,,,,
2014-06-11,7,3,下駄 世界一走りにくい履物説,,,,FALSE,,,,,,
2014-06-11,7,4,二宮という人のあだ名 100%ニノ説,,,,FALSE,,,,,,
2014-06-18,8,1,くまモンの発音で熊本が割れている説,,,,FALSE,,,,,,
2014-06-18,8,2,営業芸人No.1はテツandトモ説,,,,FALSE,,,,,,
2014-06-18,8,3,福男 選ばれた時点でその年の運使い果たしてる説,,,,FALSE,,,,,,
2014-06-18,8,4,結婚式でコブクロの「永遠にともに」使う人 絶滅説,,,,FALSE,,,,,,
2014-07-09,9,1,宇多田ヒカルの歌唱力 頭2つ抜けてる説,,,,FALSE,,,,,,
2014-07-09,9,2,ビートたけし 本気で弟子を売る気ない説,,,,FALSE,,,,,,
2014-07-09,9,3,狩野英孝 実は大喜利最強説,,,,FALSE,,,,,,
2014-07-09,9,4,野球モノマネ芸人 リアルにバッティング上手い説,,,,FALSE,,,,,,
2014-07-09,9,5,ランク王国のテーマ どうでもよすぎる説,,,,FALSE,,,,,,
2014-07-16,10,1,100歳の人の話 今聞いておかないと後悔する説,,,,FALSE,,,,,,
2014-07-16,10,2,コロッケ にらめっこ最強説,,,,FALSE,,,,,,
2014-07-16,10,3,馬の前にニンジンをぶらさげても実際には走らないんじゃないか説,,,,FALSE,,,,,,
2014-07-16,10,4,勉三さんを超える浪人生など存在しない説,,,,FALSE,,,,,,
2014-07-23,11,1,室伏広治 ハンマー投げじゃなければ100億稼げてた説,,,,FALSE,,,,,,
2014-07-23,11,2,売れてる芸人が連れてる後輩芸人 ほぼほぼポンコツ説,,,,FALSE,,,,,,
2014-07-23,11,3,スーパーで最も万引きされているのは刺身説,,,,FALSE,,,,,,
2014-07-23,11,4,"今dj hondaのキャップ被ってる人 誰も""h""の意味分かってない説",,,,FALSE,,,,,,
2014-07-30,12,1,尼崎 日本一愉快な街説,,,,FALSE,,,,,,
2014-07-30,12,2,くまだまさし 世界で通用する芸人No.1説,Can a Japanese comedian entertain English-speaking audiences?,,,TRUE,,,,,,
2014-07-30,12,3,街中のコワモテがイヤフォンで聴いてる曲 やっぱり長渕説,,,,FALSE,,,,,,
2014-07-30,12,4,東京都練馬区大泉学園町6丁目 陸の孤島説,,,,FALSE,,,,,,
2014-08-06,13,1,PL学園野球部 この世の地獄説,,,,FALSE,,,,,,
2014-08-06,13,2,黒板消しのあのイタズラ 成功率0%説,,,,FALSE,,,,,,
2014-08-06,13,3,ロメロスペシャル 整体中にかけられても気付かない説,,,,FALSE,,,,,,
2014-08-13,14,1,ゆとり世代の学力 ヤバ過ぎる説,,,,FALSE,,,,,,
2014-08-13,14,2,下積み時代の芸人 行き着く先は謎のバイト説,,,,FALSE,,,,,,
2014-08-13,14,3,ドレミの歌 突然の「ソは青い空」はいかがなものか説,,,,FALSE,,,,,,
2014-08-13,14,4,小指の爪だけ伸ばしてる人 絶滅説,,,,FALSE,,,,,,
2014-08-27,15,1,テレビのヴォリューム100 不要説,,,,FALSE,,,,,,
2014-08-27,15,2,10年に1人の逸材 10年に1人以上出ている説,,,,FALSE,,,,,,
2014-08-27,15,3,数珠つなぎ6人で誰の電話番号にでもたどり着ける説,A string of six people can reach anyone's phone number.,,,TRUE,,,,,,
2014-08-27,15,4,イタコ バラエティ以外の使い道 謎説,,,,FALSE,,,,,,
2014-09-03,16,1,"芸人が今までで""一番面白かった瞬間""は誰が見ても面白い説",,,,FALSE,,,,,,
2014-09-03,16,2,モノマネ芸人に音痴いない説,,,,FALSE,,,,,,
2014-09-03,16,3,野村克也 著書の中でエピソードの再生もすごい説,,,,FALSE,,,,,,
2014-09-10,17,1,「まわしが取れたら負け」以上に不可解なスポーツのルールはないんじゃないか説,,,,FALSE,,,,,,
2014-09-10,17,2,刑務所を出て最初に食べたいもの ファストフード説,,,,FALSE,,,,,,
2014-09-10,17,3,20歳を超えたサーファーに童貞などいない説,,,,FALSE,,,,,,
2014-10-22,18,1,むつみ荘 都内で最もお得説,,,,FALSE,,,,,,
2014-10-22,18,2,双子の対決 なんだかんだで引き分け説,,,,FALSE,,,,,,
2014-10-22,18,3,ざわちん 似顔絵描かせたら上手い説,,,,FALSE,,,,,,
2014-10-22,18,4,2千円札 沖縄の中だけで流通している説,,,,FALSE,,,,,,
2014-10-29,19,1,オネエが好きな芸能人No.1 山田ルイ53世説,,,,FALSE,,,,,,
2014-10-29,19,2,勝俣州和の自伝が電車の網棚に置かれていても持って帰る人0人説,,,,FALSE,,,,,,
2014-10-29,19,3,ネットに転がる芸能人のイイ話 ほぼほぼデマ説,,,,FALSE,,,,,,
2014-10-29,19,4,絵描き歌 知っていなければ絶対に描けない説,,,,FALSE,,,,,,
2014-10-29,19,5,FBI透視捜査官だったらアメリカ横断ウルトラクイズの〇×にダイブするヤツ問題が分からなくても泥まみれにならない説,,,,FALSE,,,,,,
2014-11-05,20,1,マンガのあるある 成功率0％説,Manga matches reality 0% of the time.,,,TRUE,,,,,,
2014-11-05,20,2,テキ屋 インチキ説,,,,FALSE,,,,,,
2014-11-05,20,3,中華街のコンビニで肉まん買うヤツ マジで0人説,,,,FALSE,,,,,,
2014-11-05,20,4,全国のご家庭のAIBO 瀕死説,,,,FALSE,,,,,,
2014-11-12,21,1,蛭子能収を超えるクズ そうそういない説,,,,FALSE,,,,,,
2014-11-12,21,2,アンガールズ田中の母親 業界で一番NGが少ない説,,,,FALSE,,,,,,
2014-11-12,21,3,甲子園の応援団 どんな曲でも最後「かっとばせ～」につなげられる説,,,,FALSE,,,,,,
2014-11-19,22,1,あらゆる業界の現役最年長で山本昌より活躍出来てる人いない説,,,,FALSE,,,,,,
2014-11-19,22,2,徳永英明とMay J.で人気カバー曲 全て押さえてる説,,,,FALSE,,,,,,
2014-11-19,22,3,ベタな名前の山田太郎 太郎はともかく山田は謎説,,,,FALSE,,,,,,
2014-11-26,23,1,替え歌 いまだに嘉門達夫が最強説,,,,FALSE,,,,,,
2014-11-26,23,2,美人ならヒッチハイク本州縦断の旅 1日で終わる説,,,,FALSE,,,,,,
2014-11-26,23,3,始球式でストライクを投げた女性いない説,,,,FALSE,,,,,,
2014-12-03,24,1,レオパルドンよりも一瞬で殺されたものなどいない説,,,,FALSE,,,,,,
2014-12-03,24,2,女子中高生の人気No.1芸人NON STYLE そんなわけない説,,,,FALSE,,,,,,
2014-12-03,24,3,浪速の〇〇 何でもあり説,,,,FALSE,,,,,,
2014-12-03,24,4,コロナの瓶に入ったライム 処分する人めちゃ困ってる説,,,,FALSE,,,,,,
2014-12-10,25,1,大友康平 普通にも歌える説,,,,FALSE,,,,,,
2014-12-10,25,2,クワマンの箸の持ち方 信じられない説,,,,FALSE,,,,,,
2014-12-10,25,3,「おべんとうばこのうた」のおかず 渋すぎる説,,,,FALSE,,,,,,
2014-12-10,25,4,布袋のギターを遠目から携帯で撮影するとQRコードと認識されどこかのホームページに飛ぶんじゃないか説,,,,FALSE,,,,,,
2014-12-10,25,5,ジャイアントスイング かけた方とかけられた方のダメージ とんとん説,,,,FALSE,,,,,,
2014-12-10,25,6,村会議員なら誰でもなれる説,,,,FALSE,,,,,,
2014-12-10,25,7,漢字4文字以上の苗字で名前が3文字以上の人の親 どうかしてる説,,,,FALSE,,,,,,
2014-12-10,25,8,香川県のソバ屋でうどん置いてる店 マジで0軒説,,,,FALSE,,,,,,
2014-12-10,25,9,ハイキングウォーキング もうさすがにコーラ一気飲みしてもゲップをせずに山手線の駅名 全部言える説,,,,FALSE,,,,,,
2014-12-10,25,10,現実に2度見なんて無い説,,,,FALSE,,,,,,
2014-12-10,25,11,目出し帽 犯罪者しか買ってない説,,,,FALSE,,,,,,
2014-12-10,25,12,ボルゾイを飼っている人の自宅 豪邸説,,,,FALSE,,,,,,
2014-12-10,25,13,一発屋のライブ 一発の曲を歌うのはやっぱりラスト説,,,,FALSE,,,,,,
2014-12-10,25,14,芸人の宣材写真 総じて古すぎる説,,,,FALSE,,,,,,
2014-12-10,25,15,今の小学生 かっけ検査しても反応しない説,,,,FALSE,,,,,,
2014-12-10,25,16,ボロボロの自販機 実は中身入ってるんじゃないか説,,,,FALSE,,,,,,
2014-12-10,25,17,ぴの ボルトより速い説,,,,FALSE,,,,,,
2015-01-07,26,1,天龍源一郎以上のハスキーいない説,,,,FALSE,,,,,,
2015-01-07,26,2,バレーボールマシン バラエティでしか使っていない説,,,,FALSE,,,,,,
2015-01-07,26,3,ハマダー生存説,,,,FALSE,,,,,,
2015-01-07,26,4,「ざます」をマジで使っている金持ちなどいない説,,,,FALSE,,,,,,
2015-01-14,27,1,忘年会の日本エレキテル連合 地獄説,,,,FALSE,,,,,,
2015-01-14,27,2,金田一のトリック アクロバティックすぎてほぼSASUKE説,,,,FALSE,,,,,,
2015-01-14,27,3,子役の泣きスイッチ たいてい母親を殺している説,,,,FALSE,,,,,,
2015-01-14,27,4,シンバルだけで食べている人などいない説,,,,FALSE,,,,,,
2015-01-21,28,1,一番痛い凶器 なんだかんだでパイプ椅子説,,,,FALSE,,,,,,
2015-01-21,28,2,テレビ番組のBGM ロッキーに頼りすぎ説,,,,FALSE,,,,,,
2015-01-21,28,3,子供は正直者というが実は意外に気を使っている説,,,,FALSE,,,,,,
2015-01-21,28,4,床屋 ほぼゴルゴ置いてある説,,,,FALSE,,,,,,
2015-01-28,29,1,2014年 一番ドッキリにかけられたの俺説,,,,FALSE,,,,,,
2015-01-28,29,2,罰ゲームの足ツボ ヒクソン・グレイシーでもギブアップする説,,,,FALSE,,,,,,
2015-01-28,29,3,ブックオフの福袋 買うヤツどうかしてる説,,,,FALSE,,,,,,
2015-01-28,29,4,コインランドリーで年越しちゃうヤツ 人生に絶望してる説,,,,FALSE,,,,,,
2015-02-04,30,1,林家ペー ピンクの服しか持っていない説,,,,FALSE,,,,,,
2015-02-04,30,2,タメ口ハーフ 年下にタメ口きかれても 怒る訳にいかない説,,,,FALSE,,,,,,
2015-02-04,30,3,早食い対決 メニューが餅ならジャイアント白田よりすすり餅おじいさんの方が強い説,,,,FALSE,,,,,,
2015-02-04,30,4,アパートに住んでるフェラーリオーナー マジで0人説,,,,FALSE,,,,,,
2015-02-04,30,5,獅子舞 プロがやっても たむけんがやっても 大差ない説,,,,FALSE,,,,,,
2015-02-18,31,1,バレンタインの定番曲 むこう100年「バレンタイン・キッス」説,,,,FALSE,,,,,,
2015-02-18,31,2,さすがのヨネスケでもカメラなしでは晩ごはん食べさせてもらえない説,,,,FALSE,,,,,,
2015-02-18,31,3,「箱の中身は何だろな？」クイズ王ならマジで当てられる説,,,,FALSE,,,,,,
2015-02-18,31,4,ジャイアント白田と篠原信一 そっくりだから何かと互角説,,,,FALSE,,,,,,
2015-03-04,32,1,携帯の予測変換「す」に絶対「すみません」入ってる説,,,,FALSE,,,,,,
2015-03-04,32,2,ウーマンラッシュアワー村本以上にコンビ解散してるクズいない説,,,,FALSE,,,,,,
2015-03-04,32,3,ボクサー じゃんけんの時 やっぱりグー出しがち説,,,,FALSE,,,,,,
2015-03-04,32,4,天龍源一郎以上のハスキーいない説,,,,FALSE,,,,,,
2015-03-11,33,1,オファーがないだけで人知れず眠ってる歌うまタレント存在する説,,,,FALSE,,,,,,
2015-03-11,33,2,外見の自己評価「上の上」って言う女子0人説,,,,FALSE,,,,,,
2015-03-11,33,3,プロ野球のヒーローインタビュー 第一声は必ず「そうですね」説,,,,FALSE,,,,,,
2015-03-11,33,4,網で上げて捕獲するやつ 落とし穴より面白い説,,,,FALSE,,,,,,
2015-03-18,34,1,パー子の笑い声を足したらVTR3割増しで面白くなる説,,,,FALSE,,,,,,
2015-04-15,35,1,面白いミックスルール対決 まだまだある説,,,,FALSE,,,,,,
2015-04-15,35,2,・ベン・ジョンソン vs お坊さん「正座100m走」,,,,FALSE,,,,,,
2015-04-15,35,3,・アーチェリー選手 vs ジョッキー「流鏑馬」,,,,FALSE,,,,,,
2015-04-15,35,4,・大食い日本一 vs ボウリング日本一「大食いボウリング」,,,,FALSE,,,,,,
2015-04-15,35,5,松本人志 メキシコからきた謎のマスクマンとしてプロレス会場に登場してもバレない説,,,,FALSE,,,,,,
2015-04-15,35,6,「結果発表」のコールが日本一上手いの浜田雅功説,,,,FALSE,,,,,,
2015-04-22,36,1,アスリートが仕掛け人のドッキリ 大根すぎて逆に面白いんじゃないか説,,,,FALSE,,,,,,
2015-04-22,36,2,大阪人でも本物そっくりの拳銃でバーンとやられたら さすがに「やられたー」とは言わない説,,,,FALSE,,,,,,
2015-04-22,36,3,年金貰ってるドレッドなどいない説,,,,FALSE,,,,,,
2015-04-22,36,4,オシャレ女子が首から下げてる一眼レフには雲・猫・ラテアートのいずれかの写真が入ってる説,,,,FALSE,,,,,,
2015-04-29,37,1,ホトトギス 肝心の鳴き声 誰も知らない説,,,,FALSE,,,,,,
2015-04-29,37,2,とにかく明るい安村の全裸に見えるポーズのネタ ものすごく太っている人なら穿いていなくても安心説,,,,FALSE,,,,,,
2015-04-29,37,3,最も足の臭い芸能人 ドクターフットに聞けば分かる説,,,,FALSE,,,,,,
2015-04-29,37,4,半チャーハン 半分より少ない説,,,,FALSE,,,,,,
2015-04-29,37,5,ハンチングを被ってる人 8割方ハゲてる説,,,,FALSE,,,,,,
2015-04-29,37,6,忘年会で使った日本エレキテル連合グッズ もう捨てられてる説,,,,FALSE,,,,,,
2015-04-29,37,7,誕生日ケーキのロウソク 80本が限界説,,,,FALSE,,,,,,
2015-04-29,37,8,ドリフのセット転換の曲をかけたら店の回転率上がる説,,,,FALSE,,,,,,
2015-04-29,37,9,サーティワンのダブル 同じ味で頼むヤツ0人説,,,,FALSE,,,,,,
2015-04-29,37,10,クールポコ。ネタをやり続ければマジで餅 完成する説,,,,FALSE,,,,,,
2015-04-29,37,11,SADSの「忘却の空」サビを一発で聞き取れる人 0人説,,,,FALSE,,,,,,
2015-04-29,37,12,ぼんちおさむ 溜めて言えば何でも面白い説,,,,FALSE,,,,,,
2015-04-29,37,13,小さい「ヮ」シークヮーサー以外に使い道ない説,,,,FALSE,,,,,,
2015-04-29,37,14,ヘッドスライディング 赤字説,,,,FALSE,,,,,,
2015-04-29,37,15,ネット検索のヒット数 最も多い芸人「和牛」説,,,,FALSE,,,,,,
2015-04-29,37,16,井森ダンス もう見られない説,,,,FALSE,,,,,,
2015-05-06,38,1,ドラマの電車と並走するシーン ベン・ジョンソンならホームの端まで並走できる説,,,,FALSE,,,,,,
2015-05-06,38,2,尼崎ならありとあらゆる芸人ランキングでダウンタウンが1位説,,,,FALSE,,,,,,
2015-05-06,38,3,オネエとオナベ 相撲をとったらトントン説,,,,FALSE,,,,,,
2015-05-06,38,4,受験で合格してテンションの上がった学生 勢いで何でも答えてくれる説,,,,FALSE,,,,,,
2015-05-20,39,1,有名人の身内 気をつけないと悪いモノマネ芸人にオレオレ詐欺で騙される説,,,,FALSE,,,,,,
2015-05-20,39,2,「早朝」をつけたら何でも面白くなる説,,,,FALSE,,,,,,
2015-05-20,39,3,ハライチのノリボケ漫才 漫才のフォーマットとして最強説,,,,FALSE,,,,,,
2015-05-20,39,4,とにかく明るい安村 全裸に見えるポーズで1日過ごせる説,,,,FALSE,,,,,,
2015-05-27,40,1,アントニーの相方 誰も知らない説,,,,FALSE,,,,,,
2015-05-27,40,2,松野明美を超える大根などいない説,,,,FALSE,,,,,,
2015-05-27,40,3,どんなアーティストにも外見を寄せにいってるファンいる説,,,,FALSE,,,,,,
2015-06-03,41,1,SNSを張り込んでいれば芸能人に会える説,,,,FALSE,,,,,,
2015-06-03,41,2,ごきげんよう大賞のトロフィー 絶対家に飾ってある説,,,,FALSE,,,,,,
2015-06-03,41,3,Tシャツに書いてある2ケタ数字 23が一番多い説,,,,FALSE,,,,,,
2015-06-03,41,4,天龍源一郎以上のハスキーいない説,,,,FALSE,,,,,,
2015-06-10,42,1,美人の変顔しょうもない説,Cute Japanese girls can't make funny faces.,,,TRUE,,,,,,
2015-06-10,42,2,オファーがないだけで人知れず眠ってる歌うまタレント まだまだ存在する説,,,,FALSE,,,,,,
2015-06-10,42,3,パンパンのリュック背負ってる社長 マジで0人説,,,,FALSE,,,,,,
2015-06-10,42,4,内陸国 海軍要らない説,,,,FALSE,,,,,,
2015-07-08,43,1,SASUKE 猿なら完全制覇できる説,,,,FALSE,,,,,,
2015-07-08,43,2,大食いミックスルール対決第3弾 「大食いクイズ」,,,,FALSE,,,,,,
2015-07-08,43,3,怪談のオチの定番「お前だー」一番上手いの大仁田厚説,,,,FALSE,,,,,,
2015-07-08,43,4,松本人志 ロシアのスパイ説,Is Matsumoto Hitoshi a Russian spy?,,,TRUE,,,,,,
2015-07-15,44,1,徳川慶喜を生で見た事がある人 まだギリこの世にいる説,,,,FALSE,,,,,,
2015-07-15,44,2,どんなプロにでも10人束になれば勝てる説,,,,FALSE,,,,,,
2015-07-15,44,3,ルー大柴 英語禁止ボウリング 最弱説,,,,FALSE,,,,,,
2015-07-15,44,4,すき家築地店でまぐろ丼頼むヤツ マジで0人説,,,,FALSE,,,,,,
2015-07-22,45,1,歌うま外国人なら日本人アーティストの歌モノマネも上手い説,,,,FALSE,,,,,,
2015-07-22,45,2,アスリート 日常生活にも競技の動きついつい出ちゃう説,,,,FALSE,,,,,,
2015-07-22,45,3,芸名に「くん」とか「ちゃん」が付く人 後輩からは「くん」とか「ちゃん」の部分を「さん」に変えて呼ばれてる説,,,,FALSE,,,,,,
2015-07-22,45,4,連続1位の記録 意外なモノにストップされてる説,,,,FALSE,,,,,,
2015-07-29,46,1,「あなたの奥さん誰に似てますか?」と聞かれた旦那の回答 基本 目線下げてくる説,,,,FALSE,,,,,,
2015-07-29,46,2,苗字と名前の組み合わせが絶妙な人 結婚が原因としか考えられない説,,,,FALSE,,,,,,
2015-07-29,46,3,関東の師匠の方が関西の師匠より面白い説,,,,FALSE,,,,,,
2015-08-05,47,1,知り合いで一番面白い人を紹介してもらっていくと最終的に松本人志にたどり着く説,,,,FALSE,,,,,,
2015-08-05,47,2,日本地図 四国がオーストラリアに変わっていても意外と気付かない説,,,,FALSE,,,,,,
2015-08-05,47,3,宇多田ヒカル/First Loveの「誰を思ってるんだろう」の部分 カラオケで全員「誰を思ってるんだはー」と歌う説,,,,FALSE,,,,,,
2015-08-05,47,4,一発ギャグ芸人 全員ひじとひざのギャグ持ってる説,,,,FALSE,,,,,,
2015-08-12,48,1,芸人が今までで一番面白かった瞬間は誰が見ても面白い説,,,,FALSE,,,,,,
2015-08-12,48,2,タマちゃんを見守る会 まだ見守ってる説,,,,FALSE,,,,,,
2015-08-12,48,3,夏の沖縄で日サロに行くヤツ どうかしてる説,,,,FALSE,,,,,,
2015-08-19,49,1,ゴミ屋敷の住人 意外と何がどこにあるか把握してる説,,,,FALSE,,,,,,
2015-08-19,49,2,人から借りパクしているモノ 最も多いのファミコンのカセット説,,,,FALSE,,,,,,
2015-08-19,49,3,暖房と冷房2台同時につけたら室温微動だにしない説,,,,FALSE,,,,,,
2015-08-19,49,4,アダルトショップから出てきて取材受けてくれる人 マジで0人説,,,,FALSE,,,,,,
2015-09-09,50,1,バラエティで一番こすられてる昔の写真 オレの説,,,,FALSE,,,,,,
2015-09-09,50,2,成城じゃないのに成城を名乗る図々しい店 山ほどある説,,,,FALSE,,,,,,
2015-09-09,50,3,きびだんごでは犬・猿・キジは手なずけられない説,,,,FALSE,,,,,,
2015-09-09,50,4,ミックスルール対決 「素潜りクイズ」,,,,FALSE,,,,,,
2015-09-16,51,1,下層YouTuber 地獄説,,,,FALSE,,,,,,
2015-09-16,51,2,早朝シリーズ第2弾「早朝十種」,,,,FALSE,,,,,,
2015-09-16,51,3,国道1号線に落ちてる服を拾いながら歩いたら名古屋くらいで全身揃う説,,,,FALSE,,,,,,
2015-09-30,52,1,番組ゆかりの隠れ歌うまメンバーによる「We Are The World」,,,,FALSE,,,,,,
2015-09-30,52,2,・オファーがないだけで人知れず眠ってる歌うまタレント存在する説,,,,FALSE,,,,,,
2015-09-30,52,3,・SASUKE 猿なら完全制覇できる説,,,,FALSE,,,,,,
2015-09-30,52,4,・ロメロスペシャル 整体中にかけられても気付かない説,,,,FALSE,,,,,,
2015-09-30,52,5,・歌うま外国人なら日本人アーティストの歌モノマネも上手い説,,,,FALSE,,,,,,
2015-09-30,52,6,・天龍源一郎以上のハスキーいない説(#032 2015.03.04),,,,FALSE,,,,,,
2015-09-30,52,7,・「早朝」をつけたら何でも面白くなる説,,,,FALSE,,,,,,
2015-10-07,53,1,ボビー・オロゴン 白くしたら〇〇にソックリ説,,,,FALSE,,,,,,
2015-10-07,53,2,ダンソンでホンモノの鹿 よってくるんじゃないか説,,,,FALSE,,,,,,
2015-10-07,53,3,腕時計を見る時 全員グー説,,,,FALSE,,,,,,
2015-10-07,53,4,内藤大助 DJ KOOに扮装して街を歩いてもバレない説,,,,FALSE,,,,,,
2015-10-07,53,5,「婆さんや」という爺さんいない説,,,,FALSE,,,,,,
2015-10-07,53,6,五木ひろし 握力強い説,,,,FALSE,,,,,,
2015-10-07,53,7,バールのようなもの バール説,,,,FALSE,,,,,,
2015-10-07,53,8,スタン・ハンセンのあの雄叫び 実は「ウィー」ではない説,,,,FALSE,,,,,,
2015-10-07,53,9,カラオケの女子十二楽坊 謎説,,,,FALSE,,,,,,
2015-10-07,53,10,ポール・マッカートニー 知らない人が見たらおばあさん説,,,,FALSE,,,,,,
2015-10-07,53,11,「田中」のハンコ ひっくり返したら「中田」でもいける説,,,,FALSE,,,,,,
2015-10-07,53,12,東京23区のぼっとん便所 絶滅説,,,,FALSE,,,,,,
2015-10-07,53,13,芸人の名前だけでいい感じの歌詞作れる説,,,,FALSE,,,,,,
2015-10-07,53,14,ポンセ さすがにもうマリオ感ない説,,,,FALSE,,,,,,
2015-10-07,53,15,リウマチに効かない温泉などない説,,,,FALSE,,,,,,
2015-10-07,53,16,富士サファリパークの歌の人 和田アキ子のモノマネメチャクチャ上手いんじゃないか説,,,,FALSE,,,,,,
2015-10-07,53,17,ウ〇コさん・チ〇コさん 存在する説,,,,FALSE,,,,,,
2015-10-28,54,1,美女と野獣のカップルはいるが その逆はいない説,,,,FALSE,,,,,,
2015-10-28,54,2,浜田の似顔絵を描かせたら全員くちびるを強調する説,,,,FALSE,,,,,,
2015-10-28,54,3,芸人のお馴染みのくだり 素人にフラれてもなんだかんだでやる説,,,,FALSE,,,,,,
2015-10-28,54,4,お試し特番のMC設定 「所長」が一番多い説,,,,FALSE,,,,,,
2015-11-04,55,1,女芸人の中で一番ビジネスキスしてるの私説,,,,FALSE,,,,,,
2015-11-04,55,2,UFOに連れ去られた人が集まれば もちろん答え一致する説,,,,FALSE,,,,,,
2015-11-04,55,3,アンパンマン風のグレーなパン 横行してる説,,,,FALSE,,,,,,
2015-11-04,55,4,横山ホットブラザーズを知らない世代にあの音を聞かせたら 絶対に「お前はアホか」には聞こえない説,,,,FALSE,,,,,,
2015-11-11,56,1,ハンマー投日本2位 誰も知らない説,,,,FALSE,,,,,,
2015-11-11,56,2,どんな美人でも免許証では7割の力しか出せない説,,,,FALSE,,,,,,
2015-11-11,56,3,矢沢ファン 基本 車のナンバー「830」にしてる説,,,,FALSE,,,,,,
2015-11-11,56,4,近年のプロレス 表現の幅 広がってる説,,,,FALSE,,,,,,
2015-11-25,57,1,2015年のハロウィン さすがにHGの仮装いない説,,,,FALSE,,,,,,
2015-11-25,57,2,芸人なのにエビの食レポで「プリプリ」使ったら終わり説,,,,FALSE,,,,,,
2015-11-25,57,3,ちくわぶとタージンの知名度 関東と関西でちょうど真逆の結果 出る説,,,,FALSE,,,,,,
2015-12-09,58,1,2015年 最も学園祭に呼ばれたの俺説,,,,FALSE,,,,,,
2015-12-09,58,2,帰巣本能 ハトよりヒトの方が優れてる説,Humans have a better homing instinct than pigeons.,,,TRUE,,,,,,
2015-12-09,58,3,水族館の水槽 ウニの代わりに栗が入っていても気付かない説,,,,FALSE,,,,,,
2015-12-16,59,1,芸能人 自分のLINEスタンプ一応持ってる説,,,,FALSE,,,,,,
2015-12-16,59,2,プレゼントで一番喜ぶ子供 ウチの子供説,,,,FALSE,,,,,,
2015-12-16,59,3,大事にされていない歴史的な場所 意外とある説,,,,FALSE,,,,,,
2016-01-02,60,1,2015年 一番ドッキリにかけられたの俺説,,,,FALSE,,,,,,
2016-01-02,60,2,荒れる成人に童貞いない説,,,,FALSE,,,,,,
2016-01-02,60,3,カラオケボックスで年越しする客 新年一発目はやっぱり盛り上がる曲説,,,,FALSE,,,,,,
2016-01-02,60,4,ウ○コさん・チ○コさん 存在する説,,,,FALSE,,,,,,
2016-01-02,60,5,クロちゃん TBSの連ドラ出演が決まってメチャクチャ勘ぐってる説,,,,FALSE,,,,,,
2016-02-03,61,1,松野明美 何でも信じる説,,,,FALSE,,,,,,
2016-02-03,61,2,7つの言語経由したら さすがに話の意味変わってくる説,,,,FALSE,,,,,,
2016-02-03,61,3,水戸なら 今でも印籠の効果あるんじゃないか説,,,,FALSE,,,,,,
2016-02-03,61,4,ちゃんこの味と相撲の強さ その両方を兼ね備えた店こそ最強のちゃんこ屋説,,,,FALSE,,,,,,
2016-02-10,62,1,昔のあだ名 容赦ない説,,,,FALSE,,,,,,
2016-02-10,62,2,「スシ食いねェ!」曲のテンポで歌詞通りに寿司食うの不可能説,,,,FALSE,,,,,,
2016-02-10,62,3,ボディブロー じわじわ効いてこない説,,,,FALSE,,,,,,
2016-02-10,62,4,スキャットマンでカラオケ100点取るの不可能説,,,,FALSE,,,,,,
2016-02-17,63,1,ZARD 曲のタイトル絶対サビに持ってくる説,,,,FALSE,,,,,,
2016-02-17,63,2,早朝リアル脱出ゲーム,,,,FALSE,,,,,,
2016-02-17,63,3,「あなたは○○で拾った子なのよ」ネタ 2016年も1位は橋の下説,,,,FALSE,,,,,,
2016-02-17,63,4,鬼の角 1本と2本だったら2本が主流説,,,,FALSE,,,,,,
2016-02-24,64,1,SNSを張り込んでいれば芸能人に会える説,Can you stake out social media and meet celebrities?,,,TRUE,,,,,,
2016-02-24,64,2,どんなモノでも 一週間煮込めば一緒説,,,,FALSE,,,,,,
2016-02-24,64,3,松本人志の親戚 さすがに10親等離れたらその自覚ない説,,,,FALSE,,,,,,
2016-02-24,64,4,人生で1度もホームラン打ったことないプロ野球選手などいない説,,,,FALSE,,,,,,
2016-02-24,64,5,浜田雅功の「結果発表」でカラス撃退できる説,,,,FALSE,,,,,,
2016-02-24,64,6,この3人のやつ 誰がやっても面白い説,,,,FALSE,,,,,,
2016-03-02,65,1,美人なら芸能人の電話番号1つは知ってる説,,,,FALSE,,,,,,
2016-03-02,65,2,説教食らった後 カラオケで明るい曲は歌いづらい説,,,,FALSE,,,,,,
2016-03-02,65,3,空手家 日常会話でも「押忍」ついつい出ちゃう説,,,,FALSE,,,,,,
2016-03-02,65,4,K-1やM-1みたいな○-1グランプリ AからZまで全て存在する説,,,,FALSE,,,,,,
2016-03-16,66,1,受験シリーズ第2弾 大学合格リアクションクイズ,,,,FALSE,,,,,,
2016-03-16,66,2,おじいさん 愛する孫の描いた自分の似顔絵なら絶対分かる説,,,,FALSE,,,,,,
2016-03-16,66,3,土下座 効果絶大説,,,,FALSE,,,,,,
2016-03-16,66,4,ノブコブ吉村 破天荒の意味すぐ忘れちゃう説,,,,FALSE,,,,,,
2016-03-23,67,1,ランク王国とSPコラボ 渋谷の女性200人に聞いたもう一度見たい説TOP10,,,,FALSE,,,,,,
2016-04-02,68,1,ツッコミ芸人 日常生活でも常にツッコミのスイッチ入ってる説,,,,FALSE,,,,,,
2016-04-02,68,2,ゲーム×現実 ミックスカート対決,,,,FALSE,,,,,,
2016-04-02,68,3,ものまねショーに本人がそっくりさんとして出ても意外と気付かれない説,,,,FALSE,,,,,,
2016-04-02,68,4,日本一多い曲のタイトル「さくら」説,,,,FALSE,,,,,,
2016-04-02,68,5,ダウンタウンに1番詳しいのは誰だ?ダウンタウンクイズ(ダウンタウンのこと 本人よりもマニアの方が詳しいんじゃないか説),,,,FALSE,,,,,,
2016-04-27,69,1,バンジーの直後 ちょっと身長伸びてる説,,,,FALSE,,,,,,
2016-04-27,69,2,布袋のギター あみだくじも出来る説,,,,FALSE,,,,,,
2016-04-27,69,3,猿ぐつわ そこそこ喋れる説,,,,FALSE,,,,,,
2016-04-27,69,4,林先生、針すなおが似顔絵描いたらメチャしっくりくる説,,,,FALSE,,,,,,
2016-04-27,69,5,雨の日はフィレオフィッシュがよく出る説,,,,FALSE,,,,,,
2016-04-27,69,6,ハリセンボン春菜 じゃねーものだけでカルタ作れる説,,,,FALSE,,,,,,
2016-04-27,69,7,背中にバカとかの紙を貼られるイタズラ 自力で気付くの不可能説,,,,FALSE,,,,,,
2016-04-27,69,8,剣道部の小林、あだ名ケンコバ説,,,,FALSE,,,,,,
2016-04-27,69,9,おじさんのシュート トーキック説,,,,FALSE,,,,,,
2016-04-27,69,10,「どしどし」の後に続く言葉「応募」以外ない説,,,,FALSE,,,,,,
2016-04-27,69,11,いなごの佃煮に虫が入っていても「すみません 虫入ってるんですけど」とは言わない説,,,,FALSE,,,,,,
2016-04-27,69,12,誰もいない部屋にプロレスマスクがあったら誰でも一度は被ってみたくなる説,,,,FALSE,,,,,,
2016-04-27,69,13,「ゆで太郎」創業者の写真 盛ってる説,,,,FALSE,,,,,,
2016-04-27,69,14,ジッタリンジン「プレゼント」の歌詞に出てくるモノ 全て揃う説,,,,FALSE,,,,,,
2016-04-27,69,15,貞子の曲のタイトル、誰も知らない説,,,,FALSE,,,,,,
2016-04-27,69,16,電話で音声途切れた時「もしもし」いろんなパターンで言う説,,,,FALSE,,,,,,
2016-05-04,70,1,「スシ食いねェ!」曲のテンポで歌詞通りに寿司食うの不可能説(ダブルス),,,,FALSE,,,,,,
2016-05-04,70,2,相模が相撲になっていても気付かない説,,,,FALSE,,,,,,
2016-05-04,70,3,アフリカ人なら どの国のアフリカ人だか分かる説,,,,FALSE,,,,,,
2016-05-04,70,4,魚顔 視野広い説,,,,FALSE,,,,,,
2016-05-11,71,1,街で「ファンなんです」と声をかけてくるファンに限ってたいしたファンじゃない説,,,,FALSE,,,,,,
2016-05-11,71,2,新築で和式便所入れるヤツ マジで0人説,,,,FALSE,,,,,,
2016-05-11,71,3,楽屋で小道具盗まれた芸人の営業 地獄説,,,,FALSE,,,,,,
2016-05-11,71,4,歌うまスポーツマン No.1決定戦,,,,FALSE,,,,,,
2016-05-25,72,1,高齢者のウソほど見破れない説,Senior Citizen lying reaction quiz.,,,FALSE,,,,,,
2016-05-25,72,2,坂の上から転がってくるオレンジ 拾わない人などいない説,"If someone drops their oranges and they roll down a hill, you will try to pick them up.",,,TRUE,,,,,,
2016-05-25,72,3,花見のゴミを集めて桜前線と共に北上すれば そのゴミで作った船で津軽海峡渡れる説,Collect enough garbage from the cherry blossom festivals to build a boat to cross the Tsugaru Strait.,,,FALSE,,,,,,
2016-06-01,73,1,ユニークな墓石に入ってる人 それなりの逸話ある説,There's an anecdote behind every unique gravestone.,,,TRUE,https://chikichiki.tube/suiyoubinodowntown/video/2016-06-01-1-en,,,,,
2016-06-01,73,2,歌詞に出てくる年齢 0歳から100歳まで全部揃う説,The ages 0 to 100 can all be found in song lyrics.,,,TRUE,https://chikichiki.tube/suiyoubinodowntown/video/2016-06-01-1-en,,,,,
2016-06-01,73,3,親の変顔 絶対笑っちゃう説,Your parent's funny faces will definitely make you laugh.,,,TRUE,https://chikichiki.tube/suiyoubinodowntown/video/2016-06-01-1-en,,,,,
2016-06-01,73,4,100kg超えの70代などいない説,There is nobody over 70 years old and over 100kg in weight.,,,TRUE,https://chikichiki.tube/suiyoubinodowntown/video/2016-06-01-1-en,,,,,
2016-06-08,74,1,ミックスルール対決 五目並べ×わんこそば,,,,FALSE,,,,,,
2016-06-08,74,2,悪いマジシャンに本気出されたら万引きGメンでも見抜けない説,What happens when magicians turn bad and shoplift?,,,TRUE,,,,,,
2016-06-08,74,3,10回クイズ 初回は絶対食らっちゃう説,,,,FALSE,,,,,,
2016-06-08,74,4,麦茶だと思って めんつゆ飲んでしまったら100%吐き出す説,,,,FALSE,,,,,,
2016-06-15,75,1,ゲーム×現実 ミックスカート対決第2弾,,,,FALSE,,,,,,
2016-06-15,75,2,空腹より満腹の方が実はツライ説,,,,FALSE,,,,,,
2016-06-15,75,3,変態仮面 マジでやったら正体モロ分かり説,,,,FALSE,,,,,,
2016-06-15,75,4,ゲーム×現実 SASUKEマリオ,,,,FALSE,,,,,,
2016-06-15,75,5,恵俊彰 ファン1人説,,,,FALSE,,,,,,
2016-06-15,75,6,本当にファンに優しいのは浜田じゃなくて松本説,,,,FALSE,,,,,,
2016-06-15,75,7,グラビアアイドルでも芸人の言う通りコメントすれば面白い説,,,,FALSE,,,,,,
2016-06-29,76,1,32歳で孫できた女性 存在する説,,,,FALSE,,,,,,
2016-06-29,76,2,オファーがないだけで人知れず眠ってる歌うまタレント まだまだ存在する説,,,,FALSE,,,,,,
2016-06-29,76,3,都内の公営ギャンブル場で野球帽オジサン プロ野球12球団コンプリートできる説,,,,FALSE,,,,,,
2016-06-29,76,4,「お会計はもう頂いております」のやつ 毎食続いたらめちゃくちゃ怖い説,,,,FALSE,,,,,,
2016-06-29,76,5,巨乳 運動不向き説,,,,FALSE,,,,,,
2016-07-06,77,1,街でバンドT着てる人 そのバンドのイントロクイズに答えられなかったらTシャツ没収されても文句言えない説,Do people recognize the bands on the t-shirt they are wearing?,,,TRUE,https://chikichiki.tube/suiyoubinodowntown/video/2016-07-06-1-en,,,,,
2016-07-06,77,2,歳を取れば取るほど1日が短く感じる説,"The older you gets, the faster a day goes by.",,,TRUE,https://chikichiki.tube/suiyoubinodowntown/video/2016-07-06-1-en,,,,,
2016-07-06,77,3,真夜中にデカいサングラスかけてる人スーパースターじゃないと説明つかない説,Only superstars wear sunglasses at night.,,,TRUE,https://chikichiki.tube/suiyoubinodowntown/video/2016-07-06-1-en,,,,,
2016-07-06,77,4,日本の建物「4」気にしすぎ説,The Japanese are overly cautious at avoiding the number '4' in buildings.,,,TRUE,https://chikichiki.tube/suiyoubinodowntown/video/2016-07-06-1-en,,,,,
2016-07-13,78,1,SNSのアイコンが2ショットの場合 かわいい方が本人説,"If a profile picture contains two girls, it belongs to the cuter one.",,,TRUE,https://chikichiki.tube/suiyoubinodowntown/video/2016-07-13-1-en,,,,,
2016-07-13,78,2,操り人形でも伝言ゲームできる説,It's possible to play the telephone game with puppets.,,,TRUE,https://chikichiki.tube/suiyoubinodowntown/video/2016-07-13-1-en,,,,,
2016-07-13,78,3,自分の商売道具 完璧に把握していなければプロ失格説,"If you don't have perfect knowledge of your signature act, you're not considered a professional.",,,TRUE,https://chikichiki.tube/suiyoubinodowntown/video/2016-07-13-1-en,,,,,
2016-07-13,78,4,時速300kmのピッチングマシンならバントでホームランできる説,It's possible to bunt a homerun.,,,TRUE,https://chikichiki.tube/suiyoubinodowntown/video/2016-07-13-1-en,,,,,
2016-07-20,79,1,美女のスマホに入っている「オモシロ画像」しょうもない説,,,,FALSE,,,,,,
2016-07-20,79,2,福神漬けに入ってるあのひょうたんみたいな形のやつ名前分かる人マジで0人説,Nobody knows the name of the vegetable shaped like a gourd in fukujinzuke.,,,FALSE,,,,,,
2016-07-20,79,3,逆ドッキリ 逆逆逆くらいまでいくと疑心暗鬼になる説,"If you keep doing reverse pranks, you will become suspicious.",,,TRUE,,,,,,
2016-07-20,79,4,本当に一番滑舌が悪いプロレスラー 前田日明説,,,,FALSE,,,,,,
2016-08-03,80,1,「芸能人でいうと誰に似てますか?」一番上と一番下 合成したら本人にそっくり説,,,,FALSE,,,,,,
2016-08-03,80,2,芸能人の名前に入っている食べ物しか食べられなくても1週間はギリ生きられる説,,,,FALSE,,,,,,
2016-08-03,80,3,幼少期を演じた子役 大人になったらやっぱりその俳優に似てる説,,,,FALSE,,,,,,
2016-08-10,81,1,オルガを超える打算なしの年上女房など存在しない説,,,,FALSE,,,,,,
2016-08-10,81,2,流行った芸人のネタ もれなくリズムゲームになってる説,,,,FALSE,,,,,,
2016-08-10,81,3,「開けたら人がいる」が結局一番怖い説,,,,FALSE,,,,,,
2016-08-10,81,4,どんな競技にも「ミスター」いる説,,,,FALSE,,,,,,
2016-08-24,82,1,有名人の素人時代やはり頭一つ抜きん出てる説,,,,FALSE,,,,,,
2016-08-24,82,2,マジで死ぬかと思ったエピソード 誰でも1つは持ってる説,,,,FALSE,,,,,,
2016-08-24,82,3,東京駅で八ツ橋買う人 アリバイ工作以外考えられない説,,,,FALSE,,,,,,
2016-08-31,83,1,有名人の身内 気をつけないと悪いモノマネ芸人にオレオレ詐欺で騙される説,,,,FALSE,,,,,,
2016-08-31,83,2,地震の専門家が住んでる街が一番安全説,,,,FALSE,,,,,,
2016-08-31,83,3,ビンを割って武器にするの なかなか難しい説,,,,FALSE,,,,,,
2016-09-07,84,1,芸人知名度格差コンビランキング2016,,,,FALSE,,,,,,
2016-09-07,84,2,催眠術 最強説,,,,FALSE,,,,,,
2016-09-07,84,3,砂浜に埋められてる人 取材受けざるを得ない説,People buried in sand have no choice but to accept an interview.,,,TRUE,https://chikichiki.tube/suiyoubinodowntown/video/2016-09-07-1-en,,,,,
2016-09-07,84,4,胴上げ 自力で降りるの不可能説,,,,FALSE,,,,,,
2016-09-21,85,1,水曜日のダウンタウン モノマネ芸人に頼りすぎ説,,,,FALSE,,,,,,
2016-09-21,85,2,・有名人の身内 気をつけないと悪いモノマネ芸人にオレオレ詐欺で騙される説 (#039 2015.05.20),,,,FALSE,,,,,,
2016-09-21,85,3,・歌うま外国人なら日本人アーティストの歌モノマネも上手い説,,,,FALSE,,,,,,
2016-09-21,85,4,・ものまねショーに本人がそっくりさんとして出ても意外と気付かれない説,,,,FALSE,,,,,,
2016-09-21,85,5,・野球モノマネ芸人 リアルにバッティング上手い説,,,,FALSE,,,,,,
2016-10-12,86,1,ヒトvs家畜 大食いミックスルール対決,,,,FALSE,,,,,,
2016-10-12,86,2,事故物件 霊能者なら部屋に入るだけで何があったか分かる説,,,,FALSE,,,,,,
2016-10-12,86,3,ナニワ金融道に出てくる会社の名前 意外と実在する説,,,,FALSE,,,,,,
2016-10-12,86,4,じいさんの服 50代後半くらいに買ったので粘ってる説,,,,FALSE,,,,,,
2016-10-26,87,1,どんなにバレバレのダメドッキリでも芸人ならつい乗っかっちゃう説,"No matter how obvious a prank is, a comedian will play along.",,,TRUE,,,,,,
2016-10-26,87,2,入ったお店に後輩がいて奢らざるをえないパターン 毎食続いたらめちゃくちゃしんどい説,,,,FALSE,,,,,,
2016-10-26,87,3,23区内で最寄りのコンビニまで徒歩10分以上かかる家 マジでしんどい説,,,,FALSE,,,,,,
2016-10-26,87,4,今 サングラスをケミストリー川畑式でかけてるヤツ マジで0人説,,,,FALSE,,,,,,
2016-11-02,88,1,レンタルビデオ店で入荷以来 一度も借りられてないやつ 逆に興味ある説,,,,FALSE,,,,,,
2016-11-02,88,2,若手タレント ベテラン芸能人になんとなくで挨拶してる説,,,,FALSE,,,,,,
2016-11-02,88,3,メリケンサック 最近の若者が見ても用途ピンとこない説,Do today's youth know what brass knuckles are?,,,TRUE,,,,,,
2016-11-02,88,4,ピアス10個以上開けてるヤツ 全員金髪経験ある説,,,,FALSE,,,,,,
2016-11-09,89,1,ポケットに知らないお金が入ってたらさすがにネコババしちゃう説,You will stash away unknown money you find in your pocket.,,,TRUE,https://chikichiki.tube/suiyoubinodowntown/video/2016-11-09-1-en,,,,,
2016-11-09,89,2,幽霊自転車 競技にしたらそこそこ盛り上がる説,Ghost Bike Competition: Push a bike the furthest distance.,,,TRUE,https://chikichiki.tube/suiyoubinodowntown/video/2016-11-09-1-en,,,,,
2016-11-09,89,3,誇張するタイプの似顔絵師 怖い客には誇張弱くなる説,A caricaturist will draw a less exaggerated picture if the client is scary.,,,TRUE,https://chikichiki.tube/suiyoubinodowntown/video/2016-11-09-1-en,,,,,
2016-11-09,89,4,達成までの道のりが果てしない無理めなポイントカード結構ある説,There are plenty of point cards with goals impossible to reach.,,,TRUE,https://chikichiki.tube/suiyoubinodowntown/video/2016-11-09-1-en,,,,,
2016-11-16,90,1,豆 10秒に1粒なら永遠に食える説,,,,FALSE,,,,,,
2016-11-16,90,2,パラパラ 速度を落としたら盆踊り説,,,,FALSE,,,,,,
2016-11-16,90,3,雑誌広告の札束風呂 絶対後入れ説,,,,FALSE,,,,,,
2016-11-16,90,4,クマ シャケよりハチミツより結局肉が好き説,,,,FALSE,,,,,,
2016-11-16,90,5,クロちゃんにCMの仕事が入ったので送迎してみた,,,,FALSE,,,,,,
2016-11-16,90,6,賞レースで優勝したらマジで見に覚えの無いヤツからも連絡来る説,,,,FALSE,,,,,,
2016-11-16,90,7,パー子 にらめっこ最弱説,,,,FALSE,,,,,,
2016-11-16,90,8,パンダ 洗った方がいい説,,,,FALSE,,,,,,
2016-11-16,90,9,ジャルジャル福徳○○(ワイナイナ)にソックリ説,,,,FALSE,,,,,,
2016-11-16,90,10,「布袋」この漢字 布袋の曲が流れている状態で「何と読みますか？」と聞いたら さすがに「ぬのぶくろ」とは読まない説,,,,FALSE,,,,,,
2016-11-16,90,11,時計を描く時 3時説,,,,FALSE,,,,,,
2016-11-16,90,12,目隱しで連行されたら結果自宅に戻っていても気付かない説,,,,FALSE,,,,,,
2016-11-16,90,13,口から万国旗を出すマジック 本当に万国だったらしんどい説,,,,FALSE,,,,,,
2016-11-16,90,14,レフェリー 押し並べてポロシャツ説,,,,FALSE,,,,,,
2016-11-16,90,15,和井内さん あだ名ワイナイナ説,,,,FALSE,,,,,,
2016-11-16,90,16,ラジオ体操 知っていなければ絶対にできない説,,,,FALSE,,,,,,
2016-11-30,91,1,「待て」と言われた時 さすがに人なら犬より待てる説,,,,FALSE,,,,,,
2016-11-30,91,2,ベン・ジョンソンならどんな食い逃げ犯でも捕まえられる説,,,,FALSE,,,,,,
2016-11-30,91,3,にわかカープ女子 山ほどいる説,,,,FALSE,,,,,,
2016-11-30,91,4,バットにグローブを突き刺して持ち歩く磯野カツオスタイル 未だに存在する説,,,,FALSE,,,,,,
2016-12-07,92,1,替え歌 最強トーナメント 第2弾,,,,FALSE,,,,,,
2016-12-07,92,2,キライな食べ物も3日断食した後なら食える説,,,,FALSE,,,,,,
2016-12-07,92,3,矢沢ファンの家でお茶こぼしてもYAZAWAタオルでは拭かない説,,,,FALSE,,,,,,
2016-12-21,93,1,最年少vs最年長 トントン説,,,,FALSE,,,,,,
2016-12-21,93,2,偉人の子孫 教科書で自分の先祖には落書きしない説,,,,FALSE,,,,,,
2016-12-21,93,3,現実との時間経過の乖離が最も激しい漫画「アカギ」説,,,,FALSE,,,,,,
2016-12-21,93,4,船酔いする漁師などいない説,,,,FALSE,,,,,,
2017-01-25,94,1,お寿司の達人 第3弾,,,,FALSE,,,,,,
2017-01-25,94,2,社長がバンザイやめない限り部下は絶対にやめられない説,,,,FALSE,,,,,,
2017-01-25,94,3,くすぐりも10分過ぎたらもう平気説,,,,FALSE,,,,,,
2017-02-01,95,1,びんぼっちゃまスタイルの服 立ち回り次第でバレずに一日過ごせる説,Can you go on a date in a backless tuxedo and not get caught?,,,FALSE,,,,,,
2017-02-01,95,2,説教食らった後にカラオケで大塚愛の「さくらんぼ」歌われても さすがに「もう1回」の合いの手 入れづらい説,,,,FALSE,,,,,,
2017-02-01,95,3,「ナッティ・プロフェッサー」のエディ・マーフィ以上に1人で何役もやってるヤツなどいない説,,,,FALSE,,,,,,
2017-02-01,95,4,ミスター押忍でも催眠術かけられたら「押忍」言えなくなる説,,,,FALSE,,,,,,
2017-02-08,96,1,足に鉄球つけられたことある日本人 まだギリいる説,,,,FALSE,,,,,,
2017-02-08,96,2,デブ 意外と少食説,,,,FALSE,,,,,,
2017-02-08,96,3,おバカタレント やりにいってる説,,,,FALSE,,,,,,
2017-02-15,97,1,2016年 一番ドッキリにかけられたの俺説,,,,FALSE,,,,,,
2017-02-15,97,2,アメとムチならムチの方が力出る説,,,,FALSE,,,,,,
2017-02-15,97,3,海外で長期刑食らってたら その間の日本のことなんにも知らない説,,,,FALSE,,,,,,
2017-02-22,98,1,サンタじゃなくてオバケでもプレゼントさえ持ってくれば子供は喜ぶ説,Would children still accept presents from Santa Claus if he were a scary monster?,,,TRUE,,,,,,
2017-02-22,98,2,後ろから「だーれだ」のやつ 知らない人にやられてもとりあえず誰か答える説,,,,FALSE,,,,,,
2017-02-22,98,3,「よーいドンと言ったらスタートしてください」のやつ 不可避説,,,,FALSE,,,,,,
2017-02-22,98,4,若手芸人「50音の何を言われても○○で返すネタ」についつい手を出す説,,,,FALSE,,,,,,
2017-03-01,99,1,番組公式LINEスタンプの元ネタを一挙公開,,,,FALSE,,,,,,
2017-03-01,99,2,・本当にファンに優しいのは浜田じゃなくて松本説,,,,FALSE,,,,,,
2017-03-01,99,3,・天龍源一郎以上のハスキーいない説 (#032 2015.03.04),,,,FALSE,,,,,,
2017-03-01,99,4,・テキ屋 インチキ説,,,,FALSE,,,,,,
2017-03-01,99,5,・下層YouTuber 地獄説,,,,FALSE,,,,,,
2017-03-01,99,6,・マンガのあるある 成功率0％説,,,,FALSE,,,,,,
2017-03-01,99,7,・宇多田ヒカル/First Loveの「誰を思ってるんだろう」の部分 カラオケで全員「誰を思ってるんだはー」と歌う説,,,,FALSE,,,,,,
2017-03-01,99,8,・アスリートが仕掛け人のドッキリ 大根すぎて逆に面白いんじゃないか説 (#036 2015.04.22),,,,FALSE,,,,,,
2017-03-01,99,9,・鎖鎌 最弱説,,,,FALSE,,,,,,
2017-03-01,99,10,・「開けたら人がいる」が結局一番怖い説,,,,FALSE,,,,,,
2017-03-01,99,11,・帰巣本能 ハトよりヒトの方が優れてる説,,,,FALSE,,,,,,
2017-03-01,99,12,・花見のゴミを集めて桜前線と共に北上すれば そのゴミで作った船で津軽海峡渡れる説,,,,FALSE,,,,,,
2017-03-01,99,13,・空手家 日常会話でも「押忍」ついつい出ちゃう説,,,,FALSE,,,,,,
2017-03-22,100,1,どんなにバレバレのダメドッキリでも芸人ならつい乗っかっちゃう説 第2弾,,,,FALSE,,,,,,
2017-03-22,100,2,無人販売所の農家 相当なお人好し説,,,,FALSE,,,,,,
2017-03-22,100,3,「後部座席に人がいる」が結局一番怖い説,,,,FALSE,,,,,,
2017-04-12,101,1,びんぼっちゃまスタイルの服 立ち回り次第でバレずに一日過ごせる説,,,,FALSE,,,,,,
2017-04-12,101,2,頭脳と肉体を兼ね備えたコンビこそ最強説,,,,FALSE,,,,,,
2017-04-12,101,3,赤と青 どっちかの線を切ったら止まるタイプの時限爆弾など実在しない説,,,,FALSE,,,,,,
2017-04-19,102,1,アンジャッシュ 食への興味の対比エグイ説,,,,FALSE,,,,,,
2017-04-19,102,2,ホームセンター×SASUKE,,,,FALSE,,,,,,
2017-04-19,102,3,昔ながらの商店街 とんでもなく年季の入った売れ残り商品ある説,,,,FALSE,,,,,,
2017-04-19,102,4,毒霧 あらゆる競技で有効説,,,,FALSE,,,,,,
2017-04-26,103,1,カラオケ×ダンスダンスレボリューション,,,,FALSE,,,,,,
2017-04-26,103,2,音声さんの巴投げ 不可避説,,,,FALSE,,,,,,
2017-04-26,103,3,街頭インタビューで「○○さんのファンです」と言ったら ご本人がロケ車から登場するやつ モノマネ芸人でもなんとかなる説,,,,FALSE,,,,,,
2017-04-26,103,4,最新プリクラでメガ盛りすれば能面でも可愛くなる説,,,,FALSE,,,,,,
2017-04-26,103,5,外野の最深部からでも300キロのピッチングマシンならタッチアップ刺せる説,,,,FALSE,,,,,,
2017-04-26,103,6,落とし穴バトルロワイアル,,,,FALSE,,,,,,
2017-04-26,103,7,テレビに出てる人の声 実はモノマネ芸人がアテレコしていても誰も気づかない説,,,,FALSE,,,,,,
2017-05-03,104,1,早弁先生,,,,FALSE,,,,,,
2017-05-03,104,2,芸人が今までで一番スベった瞬間 逆に面白い説,,,,FALSE,,,,,,
2017-05-03,104,3,吉幾三の「俺ら東京さ行ぐだ」と同じ状況の村 現存する説,,,,FALSE,,,,,,
2017-05-10,105,1,名字と下の名前の知名度格差が一番激しい芸人 ザキヤマ説,,,,FALSE,,,,,,
2017-05-10,105,2,どんなにありえない顔ハメ看板でも穴が開いていたら人はハメてしまう説,,,,FALSE,,,,,,
2017-05-10,105,3,激戦区 どんなジャンルにもある説,,,,FALSE,,,,,,
2017-05-10,105,4,日本と西洋の甲冑 性能トントン説,,,,FALSE,,,,,,
2017-05-17,106,1,「お疲れ様でした」「お」と「した」さえ合っていれば間は何でもいける説,,,,FALSE,,,,,,
2017-05-17,106,2,知恵の輪 知恵より結局腕力説,,,,FALSE,,,,,,
2017-05-17,106,3,サンシャイン池崎なら寝起きでもフルテンションで自己紹介できる説,,,,FALSE,,,,,,
2017-05-17,106,4,坊主のメガネ フチなし説,,,,FALSE,,,,,,
2017-05-17,106,5,浮気現場写真 ホテルから全力疾走で出ればブレて正体バレない説,,,,FALSE,,,,,,
2017-05-17,106,6,SADSの「忘却の空」大友康平が歌ったら もう何がなんだかわからない説,,,,FALSE,,,,,,
2017-05-17,106,7,イクラ 10秒に1粒なら永遠に食える説,,,,FALSE,,,,,,
2017-05-17,106,8,iPhoneの着信音 隣の部屋で生演奏されたらついつい自分の携帯見ちゃう説,,,,FALSE,,,,,,
2017-05-17,106,9,ハリセンボン春菜 じゃねーヤツの顔全員合成したらちゃんと春菜になる説,,,,FALSE,,,,,,
2017-05-17,106,10,矢口真里 説教食らった後にカラオケで「恋のダンスサイト」歌われてもさすがに「セクシービーム」入れづらい説,"After being scolded, would Yaguchi Mari let out her “Sexy Beam” when “Koi no Dance Site” is played during karaoke?        ",,,TRUE,,,,,,
2017-05-17,106,11,クロちゃん 目隠し連行慣れすぎて一般人にやられてもついて行っちゃう説,,,,FALSE,,,,,,
2017-05-17,106,12,ワークマンと新日本ハウスの曲 いずれかを歌ったが最後 もう一方は2度と思い出せない説,,,,FALSE,,,,,,
2017-05-17,106,13,卓球選手 ビンタ上手い説,,,,FALSE,,,,,,
2017-05-17,106,14,往復ビンタ 復路痛くない説,,,,FALSE,,,,,,
2017-05-17,106,15,芝犬の名前 洋風にするヤツマジで0人説,,,,FALSE,,,,,,
2017-05-17,106,16,10回クイズ 氷室と10回言ったあと「布製」と言う文字を見たら思わず布袋と読んじゃう説,,,,FALSE,,,,,,
2017-05-17,106,17,松野明美 ひったくり犯が逃げ込んだ先が陸上競技場だったらショートカットせず律儀にトラック回って追いかける説,,,,FALSE,,,,,,
2017-05-24,107,1,「起きたら人がいる」が結局一番怖い説,,,,FALSE,,,,,,
2017-05-24,107,2,自分の中に潜む天使の声と悪魔の声 信じる子供はいるしそういう子供は天使の言うことを聞く説,,,,FALSE,,,,,,
2017-05-24,107,3,採血ナースの飛びつき腕ひしぎ十字固め 不可避説,,,,FALSE,,,,,,
2017-05-24,107,4,採寸衣装さんのジャーマンスープレックス 不可避説,,,,FALSE,,,,,,
2017-05-24,107,5,物を拾ったところへのパワーボム 不可避説,,,,FALSE,,,,,,
2017-05-24,107,6,カメラマンのムーンサルトプレス 不可避説,,,,FALSE,,,,,,
2017-05-24,107,7,100人以上のLINEグループに入ってる人 携帯鳴りっぱなし説,,,,FALSE,,,,,,
2017-05-31,108,1,自分の飼い犬 他人が散歩してても意外と気付かない説,Could you recognize your own dog if someone else was walking it?,,,TRUE,https://chikichiki.tube/suiyoubinodowntown/video/2017-05-31-1-en,,,,,
2017-05-31,108,2,知り合いで一番変わってる人を紹介してもらっていくと最終的にゴミ屋敷にたどり着く説,Introduce your strangest acquaintance until you reach a hoarder.,,,TRUE,https://chikichiki.tube/suiyoubinodowntown/video/2017-05-31-1-en,,,,,
2017-05-31,108,3,罰×リズムゲーム,Rhythm Batsu Game: Avoid the obstacles in rhythm.,,,TRUE,https://chikichiki.tube/suiyoubinodowntown/video/2017-05-31-1-en,,,,,
2017-05-31,108,4,罰×ドミノ倒し,Place dominoes while getting an electric shock.,,,TRUE,https://chikichiki.tube/suiyoubinodowntown/video/2017-05-31-1-en,,,,,
2017-06-07,109,1,先生のモノマネ プロがやったら死ぬほどウケる説,"If professionals impersonated teachers, the students will die laughing.",,,TRUE,https://chikichiki.tube/suiyoubinodowntown/video/2017-06-07-1-en,,,,,
2017-06-07,109,2,ツッコミ 強ければ強いほど面白い説,"The stronger the tsukkomi, the funnier it is.",,,TRUE,https://chikichiki.tube/suiyoubinodowntown/video/2017-06-07-1-en,,,,,
2017-06-07,109,3,店内BGM 有名曲が違う歌詞になっていても気付かない説,You can change the lyrics to famous songs in background music and nobody will notice.,,,TRUE,https://chikichiki.tube/suiyoubinodowntown/video/2017-06-07-1-en,,,,,
2017-06-07,109,4,検尿のおしっこ持ってる時 人は無力説,You are helpless when carrying a urine sample.,,,TRUE,https://chikichiki.tube/suiyoubinodowntown/video/2017-06-07-1-en,,,,,
2017-06-14,110,1,街頭インタビュー 芸能人と気付かれなかったら断らないまでもさすがに匂わす説,,,,FALSE,,,,,,
2017-06-14,110,2,No.1じゃない方芸人 もうそろそろ俺じゃない説,,,,FALSE,,,,,,
2017-06-14,110,3,適用されたことのない罪名 山ほどある説,,,,FALSE,,,,,,
2017-06-21,111,1,お寿司の達人 第4弾,,,,FALSE,,,,,,
2017-06-21,111,2,パパ芸人 自分の子供が爆笑する鉄板ネタ持ってる説,,,,FALSE,,,,,,
2017-06-21,111,3,インポッシブル蛭川以上に額が狭い人などこの世にいない説,,,,FALSE,,,,,,
2017-06-28,112,1,売れてなくても芸人の彼女はカワイイ説,,,,FALSE,,,,,,
2017-06-28,112,2,知られざる「日本一○○」山ほどある説,,,,FALSE,,,,,,
2017-06-28,112,3,サムギョプサル食ってる時に説教食らったら以降はサンチュ巻けない説,,,,FALSE,,,,,,
2017-07-05,113,1,芸人なら自分のネタと同じ状況が現実に起きたら完璧にツッコめる説,,,,FALSE,,,,,,
2017-07-05,113,2,スナックのママ ドラマみたいな恋してる説,,,,FALSE,,,,,,
2017-07-05,113,3,飲食店の看板に一番多く描かれている生き物 うなぎ説,,,,FALSE,,,,,,
2017-07-19,114,1,早弁先生 第2弾,,,,FALSE,,,,,,
2017-07-19,114,2,ローションとトリモチ 混ぜたら打ち消し合って効果なくなる説,,,,FALSE,,,,,,
2017-07-19,114,3,大人が本気出せば影だけ踏んで帰れる説,,,,FALSE,,,,,,
2017-07-19,114,4,「全部のせ」ラーメン以外はのりきらない説,,,,FALSE,,,,,,
2017-07-26,115,1,曲のサビでちょうど涙は難しい説,,,,FALSE,,,,,,
2017-07-26,115,2,女子中高生の人気No.1芸人 さすがにもうNON STYLEではない説,,,,FALSE,,,,,,
2017-07-26,115,3,4畳半なのにTV65インチの人いる説,,,,FALSE,,,,,,
2017-07-26,115,4,親切でおぶってあげたババアからのチョークスリーパー不可避説,,,,FALSE,,,,,,
2017-08-02,116,1,ダンボールの中に隠れながら尾行するやつ マジでやったらバレない説,Can you follow someone around while hiding in a cardboard box?,,,TRUE,,,,,,
2017-08-02,116,2,ホームランバーのバーでホームラン打てる説,,,,FALSE,,,,,,
2017-08-02,116,3,巣鴨のご老人が持ってる薬を集めれば頭文字50音揃う説,,,,FALSE,,,,,,
2017-08-09,117,1,もろパクリ企画でもMC仕事ならついつい受けちゃう説,,,,FALSE,,,,,,
2017-08-09,117,2,自分と同じTシャツ着てる人 本気で1日探せば見つかる説,,,,FALSE,,,,,,
2017-08-09,117,3,高橋尚子のあだ名「Qちゃん」の由来 謎説,,,,FALSE,,,,,,
2017-08-23,118,1,クロちゃん 嘘ツイート監視企画,Kuro-chan's lying tweet investigation.,,,TRUE,https://chikichiki.tube/suiyoubinodowntown/video/kuro-chans-lying-tweet-investigation-en/,,,,,
2017-08-23,118,2,俺の実家 ボロさでは最強説,,,,FALSE,,,,,,
2017-08-23,118,3,原価率が最も低い食べ物 かき氷説,,,,FALSE,,,,,,
2017-08-30,119,1,ピンポンダッシュで逃走中,Ding-dong Ditch Game.,,,TRUE,https://chikichiki.tube/suiyoubinodowntown/video/2017-08-30-1-en,,,,,
2017-08-30,119,2,芸人界一ダサいコンビ名 ロンドンブーツ1号2号説,London Boots 1-2 is the lamest comedy duo name.,,,TRUE,https://chikichiki.tube/suiyoubinodowntown/video/2017-08-30-1-en,,,,,
2017-08-30,119,3,小林幸子が小林辛子になっていても気付かない説,Nobody would notice if Kobayashi Sachiko was replaced with Kobayashi Karashi.,,,TRUE,https://chikichiki.tube/suiyoubinodowntown/video/2017-08-30-1-en,,,,,
2017-09-06,120,1,替え歌 最強トーナメント 第3弾,,,,FALSE,,,,,,
2017-09-06,120,2,自分の私物を他人が身に付けてても意外と気付かない説,,,,FALSE,,,,,,
2017-09-06,120,3,ミスター押忍 寝言でも「押忍」言っちゃう説,,,,FALSE,,,,,,
2017-09-13,121,1,激安店でのフードファイターvs高級店での一般人,,,,FALSE,,,,,,
2017-09-13,121,2,人間の骨で折れていない骨など存在しない説,,,,FALSE,,,,,,
2017-09-13,121,3,カブトムシが大好きな子供でも予期せぬところにカブトムシがいたら喜ばない説,,,,FALSE,,,,,,
2017-09-13,121,4,サイン頼んだ相手がそっくりさんだったら気まずくなっちゃう説,,,,FALSE,,,,,,
2017-09-27,122,1,水曜日のダウンタウン VTR出演数ランキング,,,,FALSE,,,,,,
2017-09-27,122,2,・花見のゴミを集めて桜前線と共に北上すれば そのゴミで作った船で津軽海峡渡れる説,,,,FALSE,,,,,,
2017-09-27,122,3,・替え歌 いまだに嘉門達夫が最強説,,,,FALSE,,,,,,
2017-09-27,122,4,・アフリカ人なら どの国のアフリカ人だか分かる説,,,,FALSE,,,,,,
2017-09-27,122,5,・「待て」と言われた時 さすがに人なら犬より待てる説,,,,FALSE,,,,,,
2017-09-27,122,6,・クロちゃん 嘘ツイート監視企画 (未公開映像),,,,FALSE,,,,,,
2017-09-27,122,7,・双子の対決 なんだかんだで引き分け説,,,,FALSE,,,,,,
2017-09-27,122,8,・どんなにバレバレのダメドッキリでも芸人ならつい乗っかっちゃう説,,,,FALSE,,,,,,
2017-09-27,122,9,・アメとムチならムチの方が力出る説,,,,FALSE,,,,,,
2017-09-27,122,10,・下積み時代の芸人 行き着く先は謎のバイト説,,,,FALSE,,,,,,
2017-09-27,122,11,これまで出演した21の説を全て思い出せなければバンジー,,,,FALSE,,,,,,
2017-10-11,123,1,リアルスラムドッグミリオネア,,,,FALSE,,,,,,
2017-10-11,123,2,芸能界一寝たら起きないのジミー大西説,,,,FALSE,,,,,,
2017-10-18,124,1,世界で通用するネタNo.1 今ならRGのトランプ説,Japanese comedian entertaining English-speaking audiences: Round 2,,,FALSE,,,,,,
2017-10-18,124,2,ゴルフのルール 知らない人だったらどんなルールを課せられても信じる説,A person who doesn't know rules of golf will believe any rule presented to them.,,,TRUE,,,,,,
2017-10-18,124,3,店名「◯◯ちゃん」ランキング→まっちゃんvsはまちゃんvsてっちゃん 店主対抗大縄跳び対決,,,,FALSE,,,,,,
2017-11-01,125,1,日本で一番有名な人 イチロー説,The most famous Japanese person in Japan is Ichiro Suzuki.,,,TRUE,,,,,,
2017-11-01,125,2,ドラマのバスを追いかけるシーン ワイナイナなら終点まで追いかけられる説,Wainaina can chase a bus and catch it before it reaches its destination.,,,TRUE,,,,,,
2017-11-01,125,3,適当に描いた似顔絵でも探しまくればそっくりな人見つかる説,You can draw a random portrait and still find someone that looks like it.,,,TRUE,,,,,,
2017-11-08,126,1,ブドウ 10秒に1粒なら永遠に食える説,,,,FALSE,,,,,,
2017-11-08,126,2,アキラ100％ 最先端のハイスピードカメラなら お盆の向こう側見える説,,,,FALSE,,,,,,
2017-11-08,126,3,日村から梨花に画像を変化させてる途中 いいとこで止めると佐藤栞里説,,,,FALSE,,,,,,
2017-11-08,126,4,ヤシの木が1本だけ生えてるあの感じの無人島 実在しない説,,,,FALSE,,,,,,
2017-11-08,126,5,ギリ バッターボックス立てる年齢の子供で構成された野球チーム ストライクゾーン広すぎてフォアボール連発で勝てるんじゃないか説,,,,FALSE,,,,,,
2017-11-08,126,6,タコとイカ 好きな人ちょうど半々説,,,,FALSE,,,,,,
2017-11-08,126,7,スカイダイビング びしょ濡れの服でやっても着地した時には乾いてる説,,,,FALSE,,,,,,
2017-11-08,126,8,レギュラー西川くん 気絶中にバースデーサプライズ出来る説,,,,FALSE,,,,,,
2017-11-08,126,9,布袋のギター 小さいビルや車を配置したら良い感じの街になる説,,,,FALSE,,,,,,
2017-11-08,126,10,ジャガイモ カット次第でほぼリンゴ説,,,,FALSE,,,,,,
2017-11-08,126,11,「ジジイが実は特殊メイクをしたアスリートだった…」のあのドッキリ それっぽい状況が起きたら本当にただのジジイでも色めき立っちゃう説,,,,FALSE,,,,,,
2017-11-08,126,12,カルタ名人もビンタ上手い説,,,,FALSE,,,,,,
2017-11-08,126,13,デカくて高いモノ グラム単位で見れば安い説,,,,FALSE,,,,,,
2017-11-08,126,14,坊主のお経 途中からハンマーカンマーになっていても気付かない説,,,,FALSE,,,,,,
2017-11-15,127,1,オシャレしながら逃走中,,,,FALSE,,,,,,
2017-11-15,127,2,一人称「おいら」もう紙面上のたけしさんしか使ってない説,,,,FALSE,,,,,,
2017-11-15,127,3,たむらけんじ 水曜日のダウンタウンの裏番組でもMC仕事ならついつい受けちゃう説,,,,FALSE,,,,,,
2017-11-22,128,1,名前が数字の人 一から百まで存在する説,,,,FALSE,,,,,,
2017-11-22,128,2,2倍対1／2 トントン説,,,,FALSE,,,,,,
2017-11-22,128,3,やり込んだネタならボケとツッコミ別撮りでも成立する説,,,,FALSE,,,,,,
2017-12-06,129,1,芸人が今までで一番スベった瞬間 逆に面白い説 第2弾,,,,FALSE,,,,,,
2017-12-06,129,2,電話中だったら何を渡されても受け取っちゃう説,,,,FALSE,,,,,,
2017-12-06,129,3,忍法 現代でも意外と通用する説,,,,FALSE,,,,,,
2017-12-13,130,1,お宅訪問ロケ 2度目の家でもついつい初見のリアクションしちゃう説,,,,FALSE,,,,,,
2017-12-13,130,2,"開けたら""推し""がいるドッキリ 怖さより喜びがギリ勝る説",,,,FALSE,,,,,,
2017-12-13,130,3,歯無し 歌下手説,,,,FALSE,,,,,,
2017-12-20,131,1,暑いと寒い 結局寒いの方がツライ説,,,,FALSE,,,,,,
2017-12-20,131,2,相撲 合計体重が一緒なら人数多い方が有利説,,,,FALSE,,,,,,
2017-12-20,131,3,にゃんこスターのネタ 縄跳びが上手ければ上手い程 面白い説,,,,FALSE,,,,,,
2017-12-27,132,1,サンドウィッチマンのあのハンバーガー屋のネタ もはや誰がやっても面白い説,,,,FALSE,,,,,,
2017-12-27,132,2,松野明美vsターミネーター,,,,FALSE,,,,,,
2017-12-27,132,3,クロちゃんツイッター企画第2弾 フューチャークロちゃん,Kuro-chan Twitter investigation: Future Kuro-Chan.,,,TRUE,https://chikichiki.tube/suiyoubinodowntown/video/future-kuro-chan-en/,,,,,
2018-01-17,133,1,「あの人は今」で全く別人が出てきても指摘できない説,"You can't point it out if someone completely different shows up to a ""Where are they now?"" segment.",,,TRUE,https://chikichiki.tube/suiyoubinodowntown/video/2018-01-17-1-en,,,,,
2018-01-17,133,2,芸能人でもないのに自分のサインある人 キビしい説,Non-famous people will have their own autographs.,,,TRUE,https://chikichiki.tube/suiyoubinodowntown/video/2018-01-17-1-en,,,,,
2018-01-17,133,3,半島に住んでる人に日本地図描かせたら自分とこの半島やや強調する説,"If you live on a peninsula and are asked to draw a map of Japan, you will draw the peninsula larger than it is.",,,TRUE,https://chikichiki.tube/suiyoubinodowntown/video/2018-01-17-1-en,,,,,
2018-01-24,134,1,芸能人の地元探れば元カレ元カノぐらい簡単に見つかる説,,,,FALSE,,,,,,
2018-01-24,134,2,ミスター押忍の「押忍！空手道」,,,,FALSE,,,,,,
2018-01-24,134,3,忘年会・新年会シーズンといえども さすがに5次会が限界説,,,,FALSE,,,,,,
2018-01-24,134,4,適当に描いた似顔絵でも探しまくればそっくりな人見つかる説,,,,FALSE,,,,,,
2018-01-31,135,1,どんなヤツにも熱狂的ファンいる説,,,,FALSE,,,,,,
2018-01-31,135,2,ハゲ芸人がプロデュースすれば素人のハゲネタでも盛り上がる説,,,,FALSE,,,,,,
2018-01-31,135,3,還暦超えてもガチで怒られたことある人 結構いる説,,,,FALSE,,,,,,
2018-02-07,136,1,2017年 一番ドッキリにかけられたの俺説,,,,FALSE,,,,,,
2018-02-07,136,2,"ミックスルール対決 ""人脈×サッカー""",,,,FALSE,,,,,,
2018-02-07,136,3,高田純次が「高田純次です」と挨拶してるシーン TBSのアーカイブ全部調べても出てこない説,,,,FALSE,,,,,,
2018-02-21,137,1,お互い負けるよう指示された八百長対決 逆に目が離せない接戦になる説,A fixed match where both parties are told to lose will still be interesting.,,,TRUE,https://chikichiki.tube/suiyoubinodowntown/video/2018-02-21-1-en,,,,,
2018-02-21,137,2,大食いミックスルール 小麦粉大量消費対決,Flour eating contest.,,,TRUE,https://chikichiki.tube/suiyoubinodowntown/video/2018-02-21-1-en,,,,,
2018-02-21,137,3,アジャのペイント 本人以外誰一人正確に描けない説,Nobody but Aya can draw her face paint correctly.,,,TRUE,https://chikichiki.tube/suiyoubinodowntown/video/2018-02-21-1-en,,,,,
2018-02-28,138,1,「ベッドの中に人がいる」が結局一番怖い説,Someone already in your bed is the scariest thing possible.,,,TRUE,https://chikichiki.tube/suiyoubinodowntown/video/2018-02-28-1-en,,,,,
2018-02-28,138,2,トリオ芸人 1人抜けてポンコツと2人きりになったらそいつとはコンビ続けない説,"If one comedian leaves a trio and one remaining comedian is useless, the trio won't last.",,,TRUE,https://chikichiki.tube/suiyoubinodowntown/video/2018-02-28-1-en,,,,,
2018-02-28,138,3,身長150センチ以下で体重100キロ超えの豆タンク 探せばそこそこいる説,We can find a person under 150 cm tall and over 100 kg in weight.,,,TRUE,https://chikichiki.tube/suiyoubinodowntown/video/2018-02-28-1-en,,,,,
2018-03-07,139,1,極寒の雪山でも1万円あれば寒さしのげる説,,,,FALSE,,,,,,
2018-03-07,139,2,ツッコミ芸人なら「お前が歌うんかい！」と一発でツッコめる説,"Can a straight-man comedian respond with ""you're gonna sing it?!"" all in one go?",,,TRUE,,,,,,
2018-03-07,139,3,公園にある動物の遊具 一番多いのゾウ説,What animal is most commonly found on playground equipment?,,,FALSE,,,,,,
2018-03-14,140,1,平均台の上でも人はなんとか生活できる説,,,,FALSE,,,,,,
2018-03-14,140,2,島から一歩も出たことない人 結構いる説,,,,FALSE,,,,,,
2018-03-14,140,3,食べられるのに誰も食べていない添え物No.1 菊説,,,,FALSE,,,,,,
2018-03-21,141,1,ダブル八百長対決 第2弾,,,,FALSE,,,,,,
2018-03-21,141,2,SASUKEの池の水ぜんぶ抜く,,,,FALSE,,,,,,
2018-03-21,141,3,独り言 派手にいけばハンズフリー通話と勘違いしてもらえる説,,,,FALSE,,,,,,
2018-03-28,142,1,水曜日のダウンタウン 説の入り口と出口全然違うヤツ結構ある説,Wednesday Downtown starts with a theory and ends with an unrelated turnabout.,,,TRUE,https://chikichiki.tube/suiyoubinodowntown/video/2018-03-28-1-en,,,,,
2018-04-11,143,1,接待釣りは現実でも可能なのか？,,,,FALSE,,,,,,
2018-04-11,143,2,マルチスポーツ対決3番勝負①スケート×剣道,,,,FALSE,,,,,,
2018-04-11,143,3,マルチスポーツ対決3番勝負②野球×テニス,,,,FALSE,,,,,,
2018-04-11,143,4,マルチスポーツ対決3番勝負③サイクル×野球,,,,FALSE,,,,,,
2018-04-11,143,5,本当にラップを30cm巻けば裸は見えなくなるのか？,,,,FALSE,,,,,,
2018-04-11,143,6,両さんみたいにくすぐられたら誰でも給料の額をゲロっちゃうのか？,,,,FALSE,,,,,,
2018-04-11,143,7,ゴミ屋敷の住人を催眠術でキレイ好きにさせることは出来るのか？,,,,FALSE,,,,,,
2018-04-11,143,8,駄菓子がっちり食べまショー,,,,FALSE,,,,,,
2018-04-11,143,9,街中でゴルフをやったら面白くなるのか？,,,,FALSE,,,,,,
2018-04-11,143,10,「いつ・どこで・何をするゲーム」を実際にやったら面白くなるのか？,,,,FALSE,,,,,,
2018-04-18,144,1,芸人が今までで一番面白かった瞬間は誰が見ても面白い説,,,,FALSE,,,,,,
2018-04-18,144,2,結構な岩兵衛 存在する説,,,,FALSE,,,,,,
2018-04-18,144,3,大人が本気出せば雪だけ踏んで本州最北端から東京まで戻ってこれる説,,,,FALSE,,,,,,
2018-04-25,145,1,「ありがとうございました」「あ」と「た」さえ合っていれば間は何でもいける説,,,,FALSE,,,,,,
2018-04-25,145,2,合計170kg相撲 第2弾 ※実際は「178kg相撲」,,,,FALSE,,,,,,
2018-04-25,145,3,どんなマイナースポーツも1度は漫画化されてる説,,,,FALSE,,,,,,
2018-04-25,145,4,「那覇」漢字で書けない那覇市民 存在する説,,,,FALSE,,,,,,
2018-05-02,146,1,ライザップに言われたらどんなトリッキーなトレーニング方法でも従っちゃう説,,,,FALSE,,,,,,
2018-05-02,146,2,「箱の中身は何だろな？」得意な芸人No.1 濱田祐太郎説,,,,FALSE,,,,,,
2018-05-02,146,3,曲のサビでちょうど涙は難しい説,,,,FALSE,,,,,,
2018-05-16,147,1,王道モノマネを最初にやった人 意外な人物説,,,,FALSE,,,,,,
2018-05-16,147,2,フルマラソン直後はさすがに何の予定も入れない説,,,,FALSE,,,,,,
2018-05-16,147,3,大食い×カーリング,,,,FALSE,,,,,,
2018-05-23,148,1,ノック中渡されたのが自分の大切なものでも つい勢いで打っちゃう説,,,,FALSE,,,,,,
2018-05-23,148,2,「すしざんまい」のロゴ 知らなきゃ絶対読めない説,,,,FALSE,,,,,,
2018-05-23,148,3,碁石 メントスと入れ替えても気付かない説,,,,FALSE,,,,,,
2018-05-23,148,4,うがい中のラリアット 不可避説,Can you avoid a lariat while gargling?,,,TRUE,,,,,,
2018-05-23,148,5,おばあちゃん アヒル口できない説,,,,FALSE,,,,,,
2018-05-23,148,6,トウモロコシ 10秒1粒なら永遠に食える説,,,,FALSE,,,,,,
2018-05-23,148,7,尾行してる人 尾行されてても気付かない説,,,,FALSE,,,,,,
2018-05-23,148,8,似顔絵屋 毎日同じ人がやって来たらドンドン上手になる説,,,,FALSE,,,,,,
2018-05-23,148,9,笑顔の福沢諭吉を描いて折り目をつけたら逆に元の顔に戻る説,,,,FALSE,,,,,,
2018-05-23,148,10,一番重たい食べ物 月餅説,,,,FALSE,,,,,,
2018-05-23,148,11,お菓子の裏に書いてある原材料を適当に混ぜたら それっぽいものできるんじゃないか説,,,,FALSE,,,,,,
2018-05-23,148,12,三遊亭小遊三 逆さまに書いてあっても気付かない説,,,,FALSE,,,,,,
2018-05-23,148,13,10から1へのカウントダウン 7を「しち」と言う人マジで0人説,,,,FALSE,,,,,,
2018-05-23,148,14,雷様の太鼓 叩くには位置が厳しい説,,,,FALSE,,,,,,
2018-05-23,148,15,レジ袋 遠目から見たらタンクトップ説,,,,FALSE,,,,,,
2018-05-23,148,16,世界の祝日集めたら1年365日祝日になる説,,,,FALSE,,,,,,
2018-05-23,148,17,アリに布袋の曲聞かせ続けて飼育したら巣穴が布袋のギター柄になる説,,,,FALSE,,,,,,
2018-05-23,148,18,ビートたけしのあの走り方 本気でやったらいい感じの競技になる説,,,,FALSE,,,,,,
2018-05-30,149,1,勝俣州和と最もキャラ被りしているタレント クロちゃん説,,,,FALSE,,,,,,
2018-05-30,149,2,数珠つなぎ企画で1番過酷なの ジョジョの鉄塔システム説,Real life Jo-Jo Transmission Tower,,,TRUE,,,,,,
2018-06-06,150,1,子供に乗っかって商売してる芸能人の実家No.1 ロバート秋山の実家説,,,,FALSE,,,,,,
2018-06-06,150,2,説教食らった後 派手な言い間違いされても指摘しづらい説,,,,FALSE,,,,,,
2018-06-06,150,3,大人になっても苦手なモノ それなりのトラウマエピソードある説,,,,FALSE,,,,,,
2018-06-06,150,4,日本の在来種も世界のどこかで迷惑かけてる説,,,,FALSE,,,,,,
2018-06-13,151,1,二重から一重に整形する人いない説,Nobody has had double eyelids surgically changed to single eyelids.,,,TRUE,https://chikichiki.tube/suiyoubinodowntown/video/2018-06-13-1-en,,,,,
2018-06-13,151,2,ホントドッキリ,"A ""prank"" that is actually real.",,,TRUE,https://chikichiki.tube/suiyoubinodowntown/video/2018-06-13-1-en,,,,,
2018-06-13,151,3,大喜利苦手芸人 酔った状態の方が面白い説,Comedians who are bad at improv are funnier when they're drunk.,,,TRUE,https://chikichiki.tube/suiyoubinodowntown/video/2018-06-13-1-en,,,,,
2018-06-13,151,4,ソフトクリームが売ってないサービスエリアなど存在しない説,There are no service areas that don't sell soft serve.,,,TRUE,https://chikichiki.tube/suiyoubinodowntown/video/2018-06-13-1-en,,,,,
2018-06-20,152,1,テレビに食べ物が映ったら同じもの食わなきゃいけない生活 フードファイターなら24時間ギリ達成できる説,,,,FALSE,,,,,,
2018-06-20,152,2,丑の刻参りの頭にロウソクスタイル 熱すぎて呪いどころじゃない説,,,,FALSE,,,,,,
2018-06-20,152,3,早朝新種目シミュレーション,,,,FALSE,,,,,,
2018-07-04,153,1,隠せば引っ張れる説,,,,FALSE,,,,,,
2018-07-04,153,2,ツッコミチャレンジ第2弾 ハライチのネタver.,,,,FALSE,,,,,,
2018-07-04,153,3,IKKO 四文字ワードさえ言っていればロケ成立する説,,,,FALSE,,,,,,
2018-07-18,154,1,痩せてた頃モテていたデブ 太った今でもそこそこモテる説,,,,FALSE,,,,,,
2018-07-18,154,2,歌がめちゃくちゃ上手ければカラオケで狙った得点出せる説,,,,FALSE,,,,,,
2018-07-18,154,3,少年野球でサブマリンのピッチャー 親の意向が100％説,,,,FALSE,,,,,,
2018-07-18,154,4,重量借り物競走説,,,,FALSE,,,,,,
2018-07-25,155,1,怖い顔してたら隣に誰も座ってこない説,"If you put on a scary face, nobody will sit next to you.",,,TRUE,https://chikichiki.tube/suiyoubinodowntown/video/2018-07-25-1-en,,,,,
2018-07-25,155,2,国道1号線に落ちてるポイ捨てタバコのフィルターを拾いながら歩いたら名古屋くらいでそばがら的なマクラ完成する説,You can pick up enough cigarette butts along Japan Route 1 to make a buckwheat pillow.,,,TRUE,https://chikichiki.tube/suiyoubinodowntown/video/2018-07-25-1-en,,,,,
2018-07-25,155,3,ヤンキー武勇伝のオチ「気付いたら病院だった」が8割説,"80% of ""delinquent hero"" stories end with ""next thing I knew, I was in the hospital.""",,,TRUE,https://chikichiki.tube/suiyoubinodowntown/video/2018-07-25-1-en,,,,,
2018-07-25,155,4,名前の画数 100画超えの人 存在する説,Someone has a name that requires over 100 strokes to write.,,,TRUE,https://chikichiki.tube/suiyoubinodowntown/video/2018-07-25-1-en,,,,,
2018-08-01,156,1,愛犬ドミノチャレンジ,Animal domino challenge.,,,FALSE,,,,,,
2018-08-01,156,2,2018年でもベッカムヘアまだギリ存在する説,,,,FALSE,,,,,,
2018-08-01,156,3,リアルスラムドッグミリオネア 第2弾,,,,FALSE,,,,,,
2018-08-01,156,4,歩き食いできる食べ物 ラーメンが限界説,,,,FALSE,,,,,,
2018-08-15,157,1,ロケ中にタレントを撒くことなど容易説,,,,FALSE,,,,,,
2018-08-15,157,2,誕生日サプライズ 匂わされたら ついつい色めき立っちゃう説,,,,FALSE,,,,,,
2018-08-15,157,3,いくら彦摩呂でも カメラなしで食レポしてたら おっかない説,,,,FALSE,,,,,,
2018-08-15,157,4,どんなに渋い競技にも専用トロフィー存在する説,,,,FALSE,,,,,,
2018-08-22,158,1,不思議ちゃん設定 パターン枯渇してる,,,,FALSE,,,,,,
2018-08-22,158,2,人を笑わせられる距離の限界 100m説,,,,FALSE,,,,,,
2018-08-22,158,3,全裸におぼんのネタ衣装でアキラ100%から説教食らったらギャップで逆に笑っちゃう説,,,,FALSE,,,,,,
2018-09-12,159,1,空手家vs棒を使う競技のプロ 空手家が道具に1発蹴りを入れていいルールならいい勝負になる説,,,,FALSE,,,,,,
2018-09-12,159,2,子供が拾ってきたペットを親に隠して飼うあのパターン マックス人までいける説,,,,FALSE,,,,,,
2018-09-12,159,3,100歳以上のヘビースモーカー 存在しない説,,,,FALSE,,,,,,
2018-09-12,159,4,友達に「こんにちは」と言う人いない説,,,,FALSE,,,,,,
2018-09-26,160,1,松本人志の親戚 さすがに10親等離れたらその自覚ない説,,,,FALSE,,,,,,
2018-09-26,160,2,ものまねショーに本人がそっくりさんとして出ても意外と気付かれない説,,,,FALSE,,,,,,
2018-09-26,160,3,モノマネ芸人に音痴いない説,,,,FALSE,,,,,,
2018-09-26,160,4,どんなにバレバレのダメドッキリでも芸人ならつい乗っかっちゃう説,,,,FALSE,,,,,,
2018-09-26,160,5,アスリートが仕掛け人のドッキリ 大根すぎて逆に面白いんじゃないか説 (#036 2015.04.22),,,,FALSE,,,,,,
2018-09-26,160,6,SNSを張り込んでいれば芸能人に会える説 (#041 2015.06.03),,,,FALSE,,,,,,
2018-10-03,161,1,「よろしくお願いします」 「よ」と「す」さえ合っていれば 間は何でもいける説,,,,FALSE,https://chikichiki.tube/suiyoubinodowntown/video/2018-10-03-1-en,,,,,
2018-10-03,161,2,中継先に現れたヤバめ素人のさばき方で芸人の力量 丸わかり説,,,,FALSE,https://chikichiki.tube/suiyoubinodowntown/video/2018-10-03-1-en,,,,,
2018-10-03,161,3,クロちゃんのベッドの下 ギリ人も住める説,,,,FALSE,https://chikichiki.tube/suiyoubinodowntown/video/2018-10-03-1-en,,,,,
2018-10-03,161,4,MONSTER HOUSE 1st WEEK,"Monster House, Week 1",,,TRUE,https://chikichiki.tube/suiyoubinodowntown/video/2018-10-03-1-en,,,,,
2018-10-24,162,1,1週間○○生活 目を離したらやっぱり他のもん食っちゃう説,,,,FALSE,,,,,,
2018-10-24,162,2,芸人コンビのネタ作ってない方 相方がどんなにつまんないネタ作ってきても文句言う権利ない説,,,,FALSE,,,,,,
2018-10-24,162,3,寿司 サビ抜きじゃない未就学児など存在しない説,,,,FALSE,,,,,,
2018-10-31,163,1,芸能界一 細いすきま通れるの片岡鶴太郎説,Who can pass through the narrowest gap?,,,TRUE,,,,,,
2018-10-31,163,2,身長2ｍ超えの文化系 存在する説,,,,FALSE,,,,,,
2018-10-31,163,3,MONSTER HOUSE 2nd WEEK,"Monster House, Week 2",,,TRUE,,,,,,
2018-11-14,164,1,親子リアル脱出ゲーム,Parent/Child Escape Challenge,,,TRUE,https://chikichiki.tube/suiyoubinodowntown/video/2018-10-31-1-en,,,,,
2018-11-14,164,2,一生刑務所暮らしと一生無人島暮らし 選ぶ人ちょうど半々説,,,,FALSE,,,,,,
2018-11-14,164,3,職務質問された時ポケットに入ってたら気まずいモノ ブラジャーと復習ノート ちょうど半々説,,,,FALSE,,,,,,
2018-11-14,164,4,夏なのに冬服生活と冬なのに夏服生活 選ぶ人ちょうど半々説,,,,FALSE,,,,,,
2018-11-14,164,5,TBSとテレ東 無くなったら困る人ちょうど半々説,,,,FALSE,,,,,,
2018-11-14,164,6,MONSTER HOUSE 3rd WEEK,"Monster House, Week 3",,,TRUE,https://chikichiki.tube/suiyoubinodowntown/video/2018-11-14-1-en,,,,,
2018-11-28,165,1,「ねこふんじゃった」一番速く弾けるのピアノ説,"You can play ""Flohwalzer"" fastest on a piano.",,,TRUE,https://chikichiki.tube/suiyoubinodowntown/video/2018-11-28-1-en,,,,,
2018-11-28,165,2,ブーメランパンツ 凍らせて投げたら返ってくるんじゃないか説,"If you freeze underwear and throw it, it will fly back like a boomerang.",,,FALSE,,,,,,
2018-11-28,165,3,犬ちゃん「ワンちゃん」と読んじゃう説,"The kanji for ""dog"" is never read as ""Inu-chan.""",,,FALSE,,,,,,
2018-11-28,165,4,背泳ぎ 一番端のコースならプールサイドを走ってゴールしても相手にバレない説,"In a backstroke swimming race, the person in the outer lane can get out without being noticed.",,,FALSE,,,,,,
2018-11-28,165,5,歯磨き粉 中身がミントアイスでもバレない説,You can replace toothpaste with mint ice cream without being noticed.,,,FALSE,,,,,,
2018-11-28,165,6,歌詞に「BABY」が最も出てくる曲 布袋のスリル説,"The song with the word ""baby"" in its lyrics.",,,FALSE,,,,,,
2018-11-28,165,7,米 10秒に1粒なら永遠に食える説,"If you eat one grain of rice every ten seconds, you can continue eating forever.",,,FALSE,,,,,,
2018-11-28,165,8,日本一 出席番号の早い名前「相内 愛」説,The person with the first seating name is Ai Aiuchi.,,,FALSE,,,,,,
2018-11-28,165,9,知らない人同士のにらめっこ 決着つかない説,"If two strangers face each other in a staring/no laughing contest, no one will win.",,,FALSE,,,,,,
2018-11-28,165,10,鬼瓦 隙だらけ説,Kasuga's Onigawara is full of weak points.,,,FALSE,,,,,,
2018-11-28,165,11,千手観音 腕千本ない説,"The ""Thousand-Armed Kannon"" doesn't have 1,000 arms.",,,FALSE,,,,,,
2018-11-28,165,12,ベン・ジョンソン 白くしたら○○にそっくり説,Who would Ben Johnson look like if he were white.,,,FALSE,,,,,,
2018-11-28,165,13,水タバコ吸ってる時に説教食らったら 以降は豪快に煙吐けない説,"If you get scolded while smoking hookah, you won't boldly puff out smoke.",,,FALSE,,,,,,
2018-11-28,165,14,ツルハシ絶滅説,The pickaxe is extinct.,,,FALSE,,,,,,
2018-11-28,165,15,クサくて起きることない説,You can't wake someone up with a bad smell alone.,,,FALSE,,,,,,
2018-11-28,165,16,ご飯の大盛りサービス 2倍以上はどうかしてる説,"A ""large"" size rice isn't more than double the size of a regular bowl.",,,FALSE,,,,,,
2018-11-28,165,17,池の周りを歩く系の算数問題 実際に歩けばバカでも正解導きだせる説,The math problem involving a pond can be solved by anyone if they walk the pond first.,,,FALSE,,,,,,
2018-11-28,165,18,ロード「ちょうど一年前に」だけでも歌える説,"The song ""Road"" can be sung with just the phrase ""just one year.""",,,FALSE,,,,,,
2018-12-05,166,1,カバンの中身チェックで出てきたヤバイ物のさばき方で芸人の力量丸わかり説,,,,FALSE,,,,,,
2018-12-05,166,2,エレベーター早着替えチャレンジ,,,,FALSE,,,,,,
2018-12-05,166,3,MONSTER HOUSE 4th WEEK,"Monster House, Week 4",,,TRUE,https://chikichiki.tube/suiyoubinodowntown/video/2018-12-05-1-en,,,,,
2018-12-12,167,1,どんな芸人でもめちゃくちゃ地元なら好きな芸人ランキングで1位になれる説,,,,FALSE,,,,,,
2018-12-12,167,2,巨大風船 いつまでたっても破裂しなくても芸人ならずっとビビり続けられる説,,,,FALSE,,,,,,
2018-12-12,167,3,MONSTER HOUSE 5th WEEK,"Monster House, Week 5",,,TRUE,https://chikichiki.tube/suiyoubinodowntown/video/2018-12-12-1-en,,,,,
2018-12-19,168,1,日本最重量の女性でもお姫様だっこできる男 この世のどこかに存在する説,,,,FALSE,,,,,,
2018-12-19,168,2,朝起きて嫁と子供がよく似た別人になってたらまだ夢かと思う説,,,,FALSE,,,,,,
2018-12-19,168,3,おっぱい星人 絶滅説,,,,FALSE,,,,,,
2018-12-19,168,4,MONSTER HOUSE 6th WEEK,"Monster House, Week 6",,,TRUE,https://chikichiki.tube/suiyoubinodowntown/video/2018-12-19-1-en,,,,,
2018-12-26,169,1,第4回 替え歌 最強トーナメント,,,,FALSE,,,,,,
2018-12-26,169,2,Mr.シャチホコのオレオレ電話でアッコファミリー全員集められる説,,,,FALSE,,,,,,
2018-12-26,169,3,MONSTER HOUSE 7th WEEK,"Monster House, Week 7",,,TRUE,https://chikichiki.tube/suiyoubinodowntown/video/2018-12-26-1-en,,,,,
2018-12-26,169,4,としまえんから生放送 真・MONSTER HOUSE 収監をかけてクロちゃん国民投票,,,,FALSE,,,,,,
2019-01-09,170,1,コンビニ店員で実際にカラーボールを強盗に当てた事ある人 存在しない説,Nobody from a convenience store has actually hit a robber with colored paint balls.,パネラーの説検証SP,,TRUE,https://chikichiki.tube/suiyoubinodowntown/video/2019-01-09-1-en,,,,,
2019-01-09,170,2,「イマル」という名前 IMALUが最初説,"IMALU is the first person with the name ""Imalu.""",,,TRUE,,,,,,
2019-01-09,170,3,めちゃくちゃ喉が渇いてたら センブリ茶でも気付かず飲める説,"If a person is very thirsty, they can drink bitter tea without noticing.",,,TRUE,,,,,,
2019-01-09,170,4,同じスポーツをやっている兄弟 弟・妹の方が強い説,"If sibling athletes play the same sport, the younger sibling is the better athlete.",,,TRUE,,,,,,
2019-01-09,170,5,「噂の!東京マガジン」 日本一 白髪の多い番組説,"""Uwasa no! Tokyo Magazine"" is the program with the most white hair in Japan.",,,TRUE,,,,,,
2019-01-09,170,6,漫才の客席に元カノがいたら 間がズタズタになる説,"If an ex-girlfriend is in the audience during a manzai routine, the timing will get all screwed up.",,,TRUE,,,,,,
2019-01-16,171,1,芸人ならどんなにキツめの設定背負わされてもつい乗っかっちゃう説,,,,FALSE,,,,,,
2019-01-16,171,2,モノマネ芸人だったら初めてのモノマネでも伝言ゲームで最後まで伝えられる説,,,,FALSE,,,,,,
2019-01-16,171,3,1つのメニューのみでやっている店 どんなジャンルにも存在してる説,,,,FALSE,,,,,,
2019-01-16,171,4,ミスター押忍の「押忍」でBINGOできる説,,,,FALSE,,,,,,
2019-01-30,172,1,1時間に1回泣かないといけない生活 泣けるアイテムが充実していてもしんどい説,,,,FALSE,,,,,,
2019-01-30,172,2,クマ倒したジジイ-1GP,,,,FALSE,,,,,,
2019-01-30,172,3,ドッキリのネタばらし 架空の番組名を言われてもつい知ったかぶりしちゃう説,,,,FALSE,,,,,,
2019-01-30,172,4,結局一番クサいモノ○○説,,,,FALSE,,,,,,
2019-02-06,173,1,ロケ中にタレントを撒くことなど容易説 第2弾,,,,FALSE,,,,,,
2019-02-06,173,2,自転車の上でも人はなんとか生活できる説,,,,FALSE,,,,,,
2019-02-06,173,3,ミスター押忍の「押忍！空手道」第2弾,,,,FALSE,,,,,,
2019-02-13,174,1,IKKOとチョコレートプラネット松尾 もはや身近な人でも声聞き分けられない説,,,,FALSE,,,,,,
2019-02-13,174,2,“奇人”芸人No.1決定戦,,,,FALSE,,,,,,
2019-02-13,174,3,仙人みたいなおじいさんの笑い声「フォッフォッフォ」説,,,,FALSE,,,,,,
2019-02-20,175,1,2018年予告ドッキリ,2018 Advance Notice Pranks,,,TRUE,,,,,,
2019-02-20,175,2,悲鳴-1グランプリ,,,,FALSE,,,,,,
2019-02-20,175,3,日本一 髪が長い男芸人 トム・ブラウン布川説,,,,FALSE,,,,,,
2019-02-20,175,4,DESIRE 合いの手選手権,,,,FALSE,,,,,,
2019-02-27,176,1,家に人が山ほど隠れていても意外と気付かない説,,,,FALSE,,,,,,
2019-02-27,176,2,芸人解散ドッキリ 師匠クラスの方が切ない説,,,,FALSE,,,,,,
2019-02-27,176,3,飲食店に貼ってあるサイン 最古のモノはもはや真っ茶色説,,,,FALSE,,,,,,
2019-02-27,176,4,外国人に「浜田と松本どっちがゴリラに似てる？」と聞いたら意外と松本と答えるんじゃないか説,,,,FALSE,,,,,,
2019-03-06,177,1,逆挨拶チャレンジ,,,,FALSE,,,,,,
2019-03-06,177,2,4世代対抗リレー,,,,FALSE,,,,,,
2019-03-06,177,3,自分の楽屋であってもキス現場目撃したらとりあえず謝っちゃう説,,,,FALSE,,,,,,
2019-03-06,177,4,ガンコな汚れ-1グランプリ,,,,FALSE,,,,,,
2019-03-13,178,1,「いい意味で」をつければどんな悪口でも怒られない説,,,,FALSE,,,,,,
2019-03-13,178,2,未だにバイトしてる最も芸歴が長い芸人 リットン調査団説,,,,FALSE,,,,,,
2019-03-13,178,3,三つ巴 盛り上がる説,,,,FALSE,,,,,,
2019-03-20,179,1,しあわせあかつ計画 説タイトル100個暗記できたら100万円,,,,FALSE,,,,,,
2019-03-20,179,2,・ドレミの歌 突然の「ソは青い空」はいかがなものか説,,,,FALSE,,,,,,
2019-03-20,179,3,・金田一のトリック アクロバティックすぎてほぼSASUKE説,,,,FALSE,,,,,,
2019-03-20,179,4,・水族館の水槽 ウニの代わりに栗が入っていても気付かない説,,,,FALSE,,,,,,
2019-03-20,179,5,・吉幾三の「俺ら東京さ行ぐだ」と同じ状況の村 現存する説,,,,FALSE,,,,,,
2019-03-20,179,6,・芸人なら自分のネタと同じ状況が現実に起きたら完璧にツッコめる説,,,,FALSE,,,,,,
2019-03-27,180,1,愛煙家 喫煙所までの道のりがどんなに困難でも向かっちゃう説,"Smoking addicts will go to the smoking area, no matter how difficult it is.",,,TRUE,https://chikichiki.tube/suiyoubinodowntown/video/2019-03-27-1-en,,,,,
2019-03-27,180,2,なにやら占い師に傾倒し始めた相方が改名を訴えてきても応じられない説,What happens if your partner is brainwashed by a fortune teller and wants to change names?,,,TRUE,https://chikichiki.tube/suiyoubinodowntown/video/2019-03-27-1-en,,,,,
2019-03-27,180,3,打ち合わせ相手の名前 聞いた直後なのに答えられないようでは芸能人並びに社会人失格説,,,,FALSE,,,,,,
2019-04-03,181,1,「お前が歌うんかい！」のパターン ツッコミ芸人ならどんな状況でも一発でツッコめる説,,,,FALSE,,,,,,
2019-04-03,181,2,説教中の「帰れ！」額面通り受け取るわけにはいかない説,,,,FALSE,,,,,,
2019-04-03,181,3,忘れられない不気味なファンレター 芸能人なら1つはある説,,,,FALSE,,,,,,
2019-04-10,182,1,早弁先生 第3弾,,,,FALSE,,,,,,
2019-04-10,182,2,アスリートが仕掛け人のドッキリ 大根すぎて逆に面白いんじゃないか説,,,,FALSE,,,,,,
2019-04-10,182,3,達人であっても背後からの気配実際に感じること不可能説,,,,FALSE,,,,,,
2019-04-24,183,1,笑いや驚きで飲み物吹き出させるの現実にはかなり難しい説,,,,FALSE,,,,,,
2019-04-24,183,2,空気砲 色が付いてなければ不可避説,,,,FALSE,,,,,,
2019-04-24,183,3,立ちっぱなしと座りっぱなし 意外と座りっぱなしの方がしんどい説,,,,FALSE,,,,,,
2019-04-24,183,4,池谷直樹式の腕立て伏せ 池谷直樹が最強説,,,,FALSE,,,,,,
2019-05-08,184,1,新元号を当てるまで脱出できない生活,,,,FALSE,,,,,,
2019-05-15,185,1,日本生活が長い外国人でもめちゃくちゃ驚いた時の第一声は母国語説,,,,FALSE,,,,,,
2019-05-15,185,2,ロッシー 何でも受け入れちゃいすぎておっかない説,,,,FALSE,,,,,,
2019-05-15,185,3,コワモテ男性 一度は「お前に娘はやらん」と言われたことある説,,,,FALSE,,,,,,
2019-05-29,186,1,街で母親と出会ってもめちゃくちゃよそよそしかったら そのうちスゴく似ている別人だと思い始める説,,,,FALSE,,,,,,
2019-05-29,186,2,引っ張って温めるタイプの牛タン弁当の紐が実はパーティーのクラッカーになっていても手前で気付きようない説,,,,FALSE,,,,,,
2019-05-29,186,3,パチンコ屋店員の休日の過ごし方第1位 パチンコ説,,,,FALSE,,,,,,
2019-05-29,186,4,どっちが正解かわからない言い争いの答えを電話で他人に確認して自分の意見が正解だったとき 電話を切ったあとの第一声「ほらー」説,,,,FALSE,,,,,,
2019-05-29,186,5,マラソンで優勝したのにゴールの瞬間手を上げない選手などいない説,,,,FALSE,,,,,,
2019-05-29,186,6,歌詞の中に出てくる髪型 ポニーテールがダントツ説,,,,FALSE,,,,,,
2019-05-29,186,7,起きた時VRの世界だったらめちゃくちゃビックリする説,,,,FALSE,,,,,,
2019-05-29,186,8,めちゃくちゃ怒れば どんな生き物にも怒り伝わる説,,,,FALSE,,,,,,
2019-05-29,186,9,トゲトゲの首輪してるブルドッグ 実在しない説,,,,FALSE,,,,,,
2019-05-29,186,10,クロスワードの本買う人 直近の予定ない説,,,,FALSE,,,,,,
2019-05-29,186,11,彦摩呂 マズイ料理もいい感じにディスれる説,,,,FALSE,,,,,,
2019-05-29,186,12,「駄々をこねる」大人がやっても有効説,,,,FALSE,,,,,,
2019-05-29,186,13,松尾伴内の似顔絵 ほうれい線描かないわけにはいかない説,,,,FALSE,,,,,,
2019-05-29,186,14,小学生が使う漢字ドリル「殺す」の例文は全て「息を殺す」説,,,,FALSE,,,,,,
2019-05-29,186,15,「布袋」さんのあだ名 100%あの布袋関連説,,,,FALSE,,,,,,
2019-05-29,186,16,「ストロング」といえば？20代は「ゼロ」60歳以上は「小林」説,,,,FALSE,,,,,,
2019-05-29,186,17,他人のパーカーのフードにこっそり小銭入れていっても1万円くらいまでバレないんじゃないか説,,,,FALSE,,,,,,
2019-06-05,187,1,「俺に何か言わなきゃいけないことないか？」とカマかけられたらベタに余計なこと喋っちゃう説,,,,FALSE,,,,,,
2019-06-05,187,2,キャイ～ン 1日連動電流生活,,,,FALSE,,,,,,
2019-06-05,187,3,ピッチャーとファーストがマジシャンだったら隠し球で軒並みアウトに出来る説,,,,FALSE,,,,,,
2019-06-12,188,1,中継先にヤバめ素人が現れてもベテランリポーターなら華麗にさばける説,,,,FALSE,,,,,,
2019-06-12,188,2,4世代対抗リレー 第2弾,,,,FALSE,,,,,,
2019-06-12,188,3,説教食らってる時 あの色ナシ臭いアリ空気砲食らってもクサいとは言えない説,,,,FALSE,,,,,,
2019-06-19,189,1,IKKOワード言わせ合い対決,,,,FALSE,,,,,,
2019-06-19,189,2,プライベート大声選手権,,,,FALSE,,,,,,
2019-06-19,189,3,4の字固め 女性に電話口で伝えるの不可能説説,,,,FALSE,,,,,,
2019-06-26,190,1,後輩にめちゃくちゃキレたあと 不機嫌な顔を見せづらい先輩の前でおちゃらけを演じなきゃいけない状況 地獄説,,,,FALSE,,,,,,
2019-06-26,190,2,女子中高瀬の人気芸人ランキング 流石にもうNONSTYLEランク外説,,,,FALSE,,,,,,
2019-06-26,190,3,打ち合わせ中 隣の部屋からカレーの匂いを送り続けたら その後全員カレー食う説,"If you send in the smell of curry into a meeting, the person will eat curry afterwards.",,,TRUE,https://chikichiki.tube/suiyoubinodowntown/video/2019-06-26-1-en,,,,,
2019-06-26,190,4,「墓場まで持っていく話」後期高齢者に頼み込んだら教えてもらえるんじゃないか説,,,,FALSE,,,,,,
2019-07-03,191,1,一声かければ有名人呼び出せる素人 都会なら結構存在する説,,,,FALSE,,,,,,
2019-07-03,191,2,おぼん・こぼんでも催眠術さえあれば仲直りできる説,,,,FALSE,,,,,,
2019-07-17,192,1,街中異種ビンゴ大会,,,,FALSE,,,,,,
2019-07-17,192,2,そこそこ売れてるのに「あの人は今」系のオファーがきたらショックと不快が半々説,,,,FALSE,,,,,,
2019-07-17,192,3,人気がピッタリ3等分のトリオ芸人いない説,,,,FALSE,,,,,,
2019-07-24,193,1,芸人なら自分のネタと同じ状況が現実に起きたら完璧にツッコめる説 第2弾,,,,FALSE,,,,,,
2019-07-24,193,2,地方ならダウソタウソでも意外とバレずにロケできちゃう説,,,,FALSE,,,,,,
2019-07-24,193,3,トンビがタカを生むにも限界ある説,,,,FALSE,,,,,,
2019-07-24,193,4,ナゾに大道具通路を歩かされて向かいからシルクハットにステッキのコラおじさん風男性が歩いてきたらめちゃ警戒しちゃう説,,,,FALSE,,,,,,
2019-07-31,194,1,大食王vs東大王 「大食いクイズ」,,,,FALSE,,,,,,
2019-07-31,194,2,おばちゃんファンから逃走中,,,,FALSE,,,,,,
2019-08-07,195,1,汚部屋アイドル ヤリにいき放題説,,,,FALSE,,,,,,
2019-08-07,195,2,鳥のフン 積極的に落とされにいくの難しい説,,,,FALSE,,,,,,
2019-08-07,195,3,一世帯しか存在しないのに跡継ぎがいない崖っぷちの名字 結構ある説,,,,FALSE,,,,,,
2019-08-21,196,1,決めゼリフが封じられた芸人の営業 地獄説,,,,FALSE,,,,,,
2019-08-21,196,2,リアル“プロゴルファー猿”選手権,,,,FALSE,,,,,,
2019-08-21,196,3,色ナシ臭いアリ空気砲 第3弾,,,,FALSE,,,,,,
2019-09-04,197,1,曲のサビでちょうど涙は難しい説 第3弾,,,,FALSE,,,,,,
2019-09-04,197,2,「すべらない話」のMVSトロフィー 絶対 家に飾ってある説,,,,FALSE,,,,,,
2019-09-04,197,3,タクシー運転手の過去最長走行距離 のっぴきならない事情ある説,,,,FALSE,,,,,,
2019-09-11,198,1,ニセ番組「説タイトル」逆算クイズ,,,,FALSE,,,,,,
2019-09-11,198,2,・「お前が歌うんかい！」のパターン ツッコミ芸人ならどんな状況でも一発でツッコめる説,,,,FALSE,,,,,,
2019-09-11,198,3,・起きた時VRの世界だったらめちゃくちゃビックリする説 (未公開映像付き),,,,FALSE,,,,,,
2019-09-11,198,4,・ダンボールの中に隠れながら尾行するやつ マジでやったらバレない説,,,,FALSE,,,,,,
2019-09-11,198,5,・ロケ中にタレントを撒くことなど容易説 第2弾,,,,FALSE,,,,,,
2019-09-11,198,6,・誕生日サプライズ 匂わされたらついつい色めき立っちゃう説,,,,FALSE,,,,,,
2019-09-11,198,7,・芸人ならどんなにキツめの設定背負わされてもつい乗っかっちゃう説,,,,FALSE,,,,,,
2019-09-11,198,8,・自分の楽屋であってもキス現場目撃したらとりあえず謝っちゃう説,,,,FALSE,,,,,,
2019-09-25,199,1,ソフトクリーム買った直後に説教食らったら食べるわけにいかず溶けて無くなっちゃう説,,,,FALSE,,,,,,
2019-09-25,199,2,サインが飾ってある店 よく見ると全く知らない謎の人のサインも紛れてる説,,,,FALSE,,,,,,
2019-09-25,199,3,ウザ絡みして旦那を寝かさない女王決定戦,,,,FALSE,,,,,,
2019-10-23,200,1,電話口で「その場で土下座しろ」とキレられても さすがにしたことにして済ます説,,,,FALSE,,,,,,
2019-10-23,200,2,愛煙家芸人 タバコに火をつけた瞬間に血相を変えたスタッフから「相方が倒れた」と言われてもそのまま捨てることなくひと吸いはする説,,,,FALSE,,,,,,
2019-10-23,200,3,「誰でも1つはすべらない話を持っている」なら街の一般人でもギリ持っている説,,,,FALSE,,,,,,
2019-10-30,201,1,ドッキリ仕掛け人としてクローゼットに隠れてる時 色ナシ臭いアリ空気砲食らっても出ていくわけにはいかない説,,,,FALSE,,,,,,
2019-10-30,201,2,彦摩呂 海鮮丼のフタを開けて本物の宝石が入っていたらストレートに「宝石箱や」と言うはず説,,,,FALSE,,,,,,
2019-10-30,201,3,押忍10回クイズ,,,,FALSE,,,,,,
2019-10-30,201,4,ザ・グレート・カブキ お茶に見せかけてお酢をドッキリ的に飲ませたらキレイに霧状に吹き出す説,,,,FALSE,,,,,,
2019-10-30,201,5,ハンバーグこねた手でスナック菓子の袋開けるの不可能説,,,,FALSE,,,,,,
2019-10-30,201,6,3つの競技でプロになったアスリートいない説,,,,FALSE,,,,,,
2019-10-30,201,7,クロちゃん 寝て起きてお花畑にいたら死んだと思う説,,,,FALSE,,,,,,
2019-10-30,201,8,濡れたナスとイルカの感触 一緒説,,,,FALSE,,,,,,
2019-10-30,201,9,ビンタされたとこ そのあと絶対触る説,,,,FALSE,,,,,,
2019-10-30,201,10,デヴィ夫人 犬が1匹くらい増えていても気付かないんじゃないか説,,,,FALSE,,,,,,
2019-10-30,201,11,ボトルキャップチャレンジ このタイミングでアップしてるヤツおっかない説,,,,FALSE,,,,,,
2019-10-30,201,12,「たむら けん○○」さんのあだ名 全員たむけん説,,,,FALSE,,,,,,
2019-10-30,201,13,TBSのライブラリーにある猪木のビンタだけでドレミファソラシド揃う説,,,,FALSE,,,,,,
2019-10-30,201,14,歌詞の中で最も“盗んだモノ”バイク説,,,,FALSE,,,,,,
2019-10-30,201,15,「ToshI」の「i→I」表記に親しんでるXファンなら「Hotel」を「ホテイ」と読む可能性も僅かながらある説,,,,FALSE,,,,,,
2019-10-30,201,16,スタミナ定食 だいぶ逸脱したやつが出てきても文句言えない説,,,,FALSE,,,,,,
2019-10-30,201,17,ミニサラダ ミニが過ぎても文句言えない説,,,,FALSE,,,,,,
2019-11-06,202,1,第5回 替え歌 最強トーナメント,,,,FALSE,,,,,,
2019-11-06,202,2,MONSTER IDOL,,,,FALSE,,,,,,
2019-11-13,203,1,アニマル夫婦 京子の気をそらして気付かれずにキスチャレンジ,,,,FALSE,,,,,,
2019-11-13,203,2,生きてるうちに自分で作った胸像 いかがなものか説,,,,FALSE,,,,,,
2019-11-13,203,3,生きてるうちに銅像作っちゃうタイプの社長ならハナ肇パターンやっても社員にバレない説,,,,FALSE,,,,,,
2019-11-13,203,4,MONSTER IDOL #2,,,,FALSE,,,,,,
2019-11-20,204,1,腹話術師に説教食らってるとき 人形も加勢してきたらさすがにそこはツッコむ説,,,,FALSE,,,,,,
2019-11-20,204,2,MONSTER IDOL #3,,,,FALSE,,,,,,
2019-12-04,205,1,むつみ住みます芸人 決定戦,,,,FALSE,,,,,,
2019-12-04,205,2,MONSTER IDOL #4,,,,FALSE,,,,,,
2019-12-18,206,1,MONSTER IDOL #5,,,,FALSE,,,,,,
2019-12-25,207,1,史上最強の“お笑い”クイズ王決定戦,,,,FALSE,,,,,,
2019-12-25,207,2,MONSTER IDOL 最終回,,,,FALSE,,,,,,
2020-01-08,208,1,ロケ中にタレントを撒くことなど容易説 第3弾,,,,FALSE,,,,,,
2020-01-08,208,2,街ゆく人に「ご年齢は？」と聞いて「いくつに見えます？」と出された逆クイズ どんぴしゃで当てるの困難説,,,,FALSE,,,,,,
2020-01-22,209,1,「田舎に泊まろう!」で家に泊めてくれた田舎の人が「泊めて」と逆にやってきたら受け入れざるを得ない説,,,,FALSE,,,,,,
2020-01-22,209,2,子供からもらった松ぼっくり 家まで持ち帰らざるを得ない説,,,,FALSE,,,,,,
2020-01-22,209,3,ミスター押忍の「押忍！空手道」第3弾,,,,FALSE,,,,,,
2020-01-29,210,1,2019年 予告ドッキリ,,,,FALSE,,,,,,
2020-01-29,210,2,話術さえあれば どんなに遅刻をしても「もう少しで着く」の電話で その場にとどまらせておくの可能説,,,,FALSE,,,,,,
2020-02-05,211,1,ダブル八百長対決 第3弾,,,,FALSE,,,,,,
2020-02-05,211,2,日本一の駅近物件なら電車がホームに到着してから家出ても間に合う説,,,,FALSE,,,,,,
2020-02-05,211,3,山田勝己に「SASUKE」と言わせずロケするの不可能説,,,,FALSE,,,,,,
2020-02-12,212,1,体内時計メリークリスマスチャレンジ,,,,TRUE,https://chikichiki.tube/suiyoubinodowntown/video/2020-02-12-1-en,,,,,
2020-02-12,212,2,・飛んでいるハエ 死ぬほど暇だったら達人じゃなくても箸で捕まえられる説,,,,TRUE,,,,,,
2020-02-12,212,3,・ダイヤル式の南京錠 死ぬほど暇だったら自力で開けられる説,,,,TRUE,,,,,,
2020-02-12,212,4,・シュレッダーで細断された文書 死ぬほど暇だったら復元できる説,,,,TRUE,,,,,,
2020-02-12,212,5,・黒ひげ危機一髪 死ぬほど暇だったら完全制覇できる説,,,,TRUE,,,,,,
2020-02-12,212,6,・死ぬほど暇なら松本人志の著書から文字を切り出して浜田雅功の「読め!」再構築できる説,,,,TRUE,,,,,,
2020-02-12,212,7,MONSTER IDOL その後の展開,,,,FALSE,,,,,,
2020-02-26,213,1,防寒×防暑 ミックスルール対決,,,,FALSE,,,,,,
2020-02-26,213,2,飲みの席ならオナラの音 意外に誤魔化し効く説,,,,FALSE,,,,,,
2020-03-04,214,1,若手芸人 ドッキリ仕掛けられた怒りよりも 水曜日のダウンタウンに出られた喜びが勝っちゃう説,,,,FALSE,,,,,,
2020-03-04,214,2,大阪の おばはん 実は そんなにオモロくない説,,,,FALSE,,,,,,
2020-03-04,214,3,マジメな番組なら ズボン履いてなくても分かんないじゃないか説,,,,FALSE,,,,,,
2020-03-04,214,4,漫才やコント 全然面白くない出だしからスタートしても 自分が面白いと思う芸人に 次の展開を考えてもらって数珠繋ぎをしていったら 最終的に面白いネタになる説,,,,FALSE,,,,,,
2020-03-11,215,1,バンジーNG芸人でも飛ぶまで帰れなかったらいつかは飛ばざるを得ない説,,,,FALSE,,,,,,
2020-03-11,215,2,MC仕事だけど自らの改名がマストになっている番組 ローカル枠だったらギリ引き受けない説,,,,FALSE,,,,,,
2020-03-11,215,3,アキラ100％ 催眠術をかけられ朦朧とした意識のなかでも股間のおぼんだけは死守する説,,,,FALSE,,,,,,
2020-03-18,216,1,7年目突入企画「あの説は今」,,,,FALSE,,,,,,
2020-03-18,216,2,・スケバン 絶滅説,,,,FALSE,,,,,,
2020-03-18,216,3,・新築で和式便所入れるヤツ マジで0人説,,,,FALSE,,,,,,
2020-03-18,216,4,・海外で長期刑食らってたら その間の日本のことなんにも知らない説,,,,FALSE,,,,,,
2020-03-18,216,5,・オルガを超える打算なしの年上女房など存在しない説,,,,FALSE,,,,,,
2020-03-18,216,6,・美女と野獣のカップルはいるが その逆はいない説,,,,FALSE,,,,,,
2020-03-18,216,7,あのハナシは今,,,,FALSE,,,,,,
2020-03-18,216,8,・歯無し 歌下手説,,,,FALSE,,,,,,
2020-03-18,216,9,・スナックのママ ドラマみたいな恋してる説,,,,FALSE,,,,,,
2020-03-25,217,1,下層YouTuber 地獄説 第2弾,,,,FALSE,,,,,,
2020-03-25,217,2,嫁「坊主にしたい」と言い出して夫から許可もらうの困難説,,,,FALSE,,,,,,
2020-03-25,217,3,自分の衣装を間違えて着てしまった師匠がマネージャーに激昂していたら「それ僕のなんですけど…」とは言い出しづらい説,,,,FALSE,,,,,,
2020-03-25,217,4,「この番組は○月○日に収録したものです」のテロップを冒頭に出して浜田をひたすらカットしてOAしたら何かあったと思う説,,,,FALSE,,,,,,
2020-04-08,218,1,「明日 週刊誌にスキャンダル記事が出る」とマネージャーから聞かされても プロなら一切表に出さずにその日の仕事やり切れる説,"A professional can do their job without any issues, even when they know about an upcoming scandal.",,,TRUE,,,,,,
2020-04-08,218,2,どれだけ運動神経が良くても未経験から一発で棒高跳びは不可能説,,,,FALSE,,,,,,
2020-04-15,219,1,最終的に泥酔するのが決まりになってるロケでも撮り順逆撮りなんとか成立させられる説,,,,FALSE,,,,,,
2020-04-15,219,2,説教食らってる最中に後ろから笑かしてくる子供の頃のおふざけ 大人になった今でも笑っちゃう説,,,,FALSE,,,,,,
2020-04-15,219,3,コウメ太夫にネタのダメ出しされた後輩 誰一人何一つ直さない説,,,,FALSE,,,,,,
2020-04-29,220,1,新元号を当てるまで脱出できない生活,,,Rebroadcast,FALSE,,,,,,
2020-05-13,221,1,フューチャークロちゃん,,,Rebroadcast,FALSE,,,,,,
2020-05-20,222,1,布袋の説 かき集めたらそろそろ1時間埋まるんじゃないか説,,,,FALSE,,,,,,
2020-05-20,222,2,・布袋のギターを遠目から携帯で撮影するとQRコードと認識されどこかのホームページに飛ぶんじゃないか説,,,,FALSE,,,,,,
2020-05-20,222,3,・布袋のギター あみだくじも出来る説,,,,FALSE,,,,,,
2020-05-20,222,4,・「布袋」この漢字 布袋の曲が流れている状態で「何と読みますか？」と聞いたら さすがに「ぬのぶくろ」とは読まない説,,,,FALSE,,,,,,
2020-05-20,222,5,・10回クイズ 氷室と10回言ったあと「布製」と言う文字を見たら思わず布袋と読んじゃう説,,,,FALSE,,,,,,
2020-05-20,222,6,・布袋のギター 小さいビルや車を配置したら良い感じの街になる説,,,,FALSE,,,,,,
2020-05-20,222,7,・アリに布袋の曲聞かせ続けて飼育したら巣穴が布袋のギター柄になる説,,,,FALSE,,,,,,
2020-05-20,222,8,・歌詞に「BABY」が最も出てくる曲 布袋のスリル説,,,,FALSE,,,,,,
2020-05-20,222,9,・「布袋」さんのあだ名 100%あの布袋関連説,,,,FALSE,,,,,,
2020-05-20,222,10,・「ToshI」の「i→I」表記に親しんでるXファンなら「Hotel」を「ホテイ」と読む可能性も僅かながらある説,,,,FALSE,,,,,,
2020-05-20,222,11,・徳川慶喜を生で見た事がある人 まだギリこの世にいる説,,,,FALSE,,,,,,
2020-05-20,222,12,・先生のモノマネ プロがやったら死ぬほどウケる説,,,,FALSE,,,,,,
2020-05-20,222,13,・コロナの瓶に入ったライム 処分する人めちゃ困ってる説,,,,FALSE,,,,,,
2020-05-27,223,1,浜田高笑いベスト10,,,,FALSE,,,,,,
2020-05-27,223,2,・「開けたら人がいる」が結局一番怖い説,,,,FALSE,,,,,,
2020-05-27,223,3,・ロメロスペシャル 整体中にかけられても気付かない説,,,,FALSE,,,,,,
2020-05-27,223,4,・どんなにバレバレのダメドッキリでも芸人ならつい乗っかっちゃう説,,,,FALSE,,,,,,
2020-05-27,223,5,・日本生活が長い外国人でもめちゃくちゃ驚いた時の第一声は母国語説,,,,FALSE,,,,,,
2020-05-27,223,6,・島から一歩も出たことない人 結構いる説,,,,FALSE,,,,,,
2020-05-27,223,7,・電話で音声途切れた時「もしもし」いろんなパターンで言う説,,,,FALSE,,,,,,
2020-05-27,223,8,・空気砲 色が付いてなければ不可避説,,,,FALSE,,,,,,
2020-05-27,223,9,・色ナシ臭いアリ空気砲 第3弾,,,,FALSE,,,,,,
2020-05-27,223,10,・「ベッドの中に人がいる」が結局一番怖い説,,,,FALSE,,,,,,
2020-05-27,223,11,・「後部座席に人がいる」が結局一番怖い説,,,,FALSE,,,,,,
2020-06-03,224,1,リモート“コントロール”クロちゃん,,,,FALSE,,,,,,
2020-06-10,225,1,ショート説ランキングTOP50,,,,FALSE,,,,,,
2020-06-17,226,1,ダウンタウン 筋肉と大声SP,,,,FALSE,,,,,,
2020-06-17,226,2,・松本人志 メキシコからきた謎のマスクマンとしてプロレス会場に登場してもバレない説,,,,FALSE,,,,,,
2020-06-17,226,3,・ハマダー生存説,,,,FALSE,,,,,,
2020-06-17,226,4,・浜田雅功の「結果発表」でカラス撃退できる説,,,,FALSE,,,,,,
2020-06-24,227,1,県またぎSP,,,,FALSE,,,,,,
2020-06-24,227,2,・美人ならヒッチハイク本州縦断の旅 1日で終わる説,,,,FALSE,,,,,,
2020-06-24,227,3,・花見のゴミを集めて桜前線と共に北上すれば そのゴミで作った船で津軽海峡渡れる説,,,,FALSE,,,,,,
2020-06-24,227,4,・帰巣本能 ハトよりヒトの方が優れてる説,,,,FALSE,,,,,,
2020-07-01,228,1,ADが語る“しんどかった説”座談会,,,,FALSE,,,,,,
2020-07-15,229,1,芸人が今までで一番面白かった瞬間は誰が見ても面白い説 第4弾,,,,FALSE,,,,,,
2020-07-15,229,2,SNS上のリレー 最後うやむやになる説,,,,FALSE,,,,,,
2020-07-22,230,1,ネットニュースに載るまで帰れません,,,,FALSE,,,,,,
2020-07-22,230,2,古今東西 日本人知名度ランキング,,,,FALSE,,,,,,
2020-07-22,230,3,団長vs春日 我慢頂上決戦,,,,FALSE,,,,,,
2020-07-29,231,1,一番お世話になった先輩 婚姻届の証人ではっきりする説,,,,FALSE,,,,,,
2020-07-29,231,2, FUJIWARA原西 後輩がどんなギャグやっても「それ俺も似たのあるけどパクってない?」と難癖つけること可能説,,,,FALSE,,,,,,
2020-07-29,231,3,絵本の読み聞かせでボケたら 子供でもちゃんとツッコむ説,,,,FALSE,,,,,,
2020-08-05,232,1,リアル豆柴ドミノ,,,,FALSE,,,,,,
2020-08-12,233,1,真面目な相談の電話中でも しっかり飯食うこと可能説,,,,FALSE,,,,,,
2020-08-12,233,2,ものまね芸人がレパートリーにするときの常套句「リスペクトしてるから」怪しい説,,,,FALSE,,,,,,
2020-08-12,233,3,・長渕剛ものまね芸人による“長渕知識No.1決定戦”,,,,FALSE,,,,,,
2020-08-19,234,1,農家に勧められたら どんなものでも皮ごといっちゃう説,,,,FALSE,,,,,,
2020-08-19,234,2,すれ違いコント 今なら しれっと自分のものに出来る説 (キングオブすれ違いコント),,,,FALSE,,,,,,
2020-08-19,234,3,ボディビルの掛け声 芸人がやったらもっと面白くなる説 (ボディ&コール選手権),,,,FALSE,,,,,,
2020-08-26,235,1,「冠特番」ということで喜んで受けたオファーが「世界の冠を紹介する」という特番のいちパネラーだったとしても「だったらやめます」とは言い出しづらい説,,,,FALSE,,,,,,
2020-08-26,235,2,ロケで共演者を全く笑わせないの 逆に難しい説,,,,FALSE,,,,,,
2020-08-26,235,3,プロの歌手なら色ナシ臭いアリ空気砲食らっても一切表情を変えることなく歌いきれる説,,,,FALSE,,,,,,
2020-09-09,236,1,飲食店での「いつものやつ下さい」初回で従業員に結構なインパクトを残せれば2回目でも可能説,,,,FALSE,,,,,,
2020-09-09,236,2,曲のサビでちょうど涙は難しい説 第4弾,,,,FALSE,,,,,,
2020-09-09,236,3,1円で意外と何でも買える説,,,,FALSE,,,,,,
2020-09-16,237,1,DIYドッキリ選手権,,,,FALSE,,,,,,
2020-09-16,237,2,大食い×マラソン,,,,FALSE,,,,,,
2020-09-23,238,1,本当の愛妻家なら突然「愛してるよ」とLINE送っても妻は素直に喜んでくれる説,,,,FALSE,,,,,,
2020-09-23,238,2,「霊感が強い」と自称する女タレント ヤリにいってる説,,,,FALSE,,,,,,
2020-09-23,238,3,"野球漫画史上 最強の""防御率No.1""投手ランキング",,,,FALSE,,,,,,
2020-09-30,239,1,全く同じ事もう1回やってみましたSP,,,,FALSE,,,,,,
2020-09-30,239,2,・「後部座席に人がいる」が結局一番怖い説,,,,FALSE,,,,,,
2020-09-30,239,3,・「開けたら人がいる」が結局一番怖い説,,,,FALSE,,,,,,
2020-09-30,239,4,・電話中だったら何を渡されても受け取っちゃう説,,,,FALSE,,,,,,
2020-09-30,239,5,・音声さんの巴投げ 不可避説,,,,FALSE,,,,,,
2020-09-30,239,6,・ツッコミ芸人なら「お前が歌うんかい！」と一発でツッコめる説,,,,FALSE,,,,,,
2020-09-30,239,7,・ロケ中にタレントを撒くことなど容易説 第2弾,,,,FALSE,,,,,,
2020-09-30,239,8,・「ベッドの中に人がいる」が結局一番怖い説,,,,FALSE,,,,,,
2020-09-30,239,9,・芸人なのにエビの食レポで「プリプリ」使ったら終わり説,,,,FALSE,,,,,,
2020-09-30,239,10,・ロケ中にタレントを撒くことなど容易説,,,,FALSE,,,,,,
2020-09-30,239,11,・愛煙家芸人 タバコに火をつけた瞬間に血相を変えたスタッフから「相方が倒れた」と言われてもそのまま捨てることなくひと吸いはする説,,,,FALSE,,,,,,
2020-09-30,239,12,・「俺に何か言わなきゃいけないことないか？」とカマかけられたらベタに余計なこと喋っちゃう説,,,,FALSE,,,,,,
2020-09-30,239,13,・ポケットに知らないお金が入ってたらさすがにネコババしちゃう説,,,,FALSE,,,,,,
2020-09-30,239,14,・テレビに出てる人の声 実はモノマネ芸人がアテレコしていても誰も気づかない説,,,,FALSE,,,,,,
2020-10-07,240,1,この夏 セミの抜け殻を集めながら国道1号線沿いを歩いたら名古屋くらいで“セミダブルベッド”完成する説,,,,FALSE,,,,,,
2020-10-07,240,2,「親を泣かすことが出来たらおもちゃプレゼント」の条件で手紙を書けば 動機はどうあれ結果めちゃくちゃ感動的な手紙になる説,,,,FALSE,,,,,,
2020-10-21,241,1,NSC時代に同期一の天才だった芸人 意外とくすぶってる説,,,,FALSE,,,,,,
2020-10-21,241,2,日本一の安宿 1泊1000円切ってる説,,,,FALSE,,,,,,
2020-10-28,242,1,寝起きのアスリートだったら一般人にもわずかに勝機ある説,,,,FALSE,,,,,,
2020-10-28,242,2,スカンクのオナラを超えるクサいモノ 動物園には まだまだ存在する説,,,,FALSE,,,,,,
2020-10-28,242,3,アンタッチャブル山崎ほど芸風変わった芸人そうそういない説,,,,FALSE,,,,,,
2020-10-28,242,4,ザキヤマ ダウンタウンを共演NGにしてた説,,,,FALSE,,,,,,
2020-11-04,243,1,第6回 替え歌 最強トーナメント,,,,FALSE,,,,,,
2020-11-04,243,2,"巨乳をチラ見しちゃうお色気ドッキリのターゲットがその巨乳娘の父親だったら… という ""逆お色気ドッキリ""見てらんない説",,,,FALSE,,,,,,
2020-11-11,244,1,手錠外された後 絶対手首触る説,,,,FALSE,,,,,,
2020-11-11,244,2,サイ 呼び捨て説,,,,FALSE,,,,,,
2020-11-11,244,3,70歳以上のおじいちゃんおばあちゃん チュッパチャプス誰も一発で言えない説,,,,FALSE,,,,,,
2020-11-11,244,4,ほほがヒゲでモサモサの人 ビンタ効かない説,,,,FALSE,,,,,,
2020-11-11,244,5,喫茶店の「カランコロンカラン」SEでも気付かない説,,,,FALSE,,,,,,
2020-11-11,244,6,カニ専門店でカニカマ出されたら見破れない説,,,,FALSE,,,,,,
2020-11-11,244,7,往年のバンド雑誌に載ってるメンバー募集 未だに募集してる可能性も捨てきれない説,,,,FALSE,,,,,,
2020-11-11,244,8,ハイキングウォーキングのコーラネタ 高輪ゲートウェイの「ゲー」が鬼門説,,,,FALSE,,,,,,
2020-11-11,244,9,力士 ヴィレヴァンで買い物できない説,,,,FALSE,,,,,,
2020-11-11,244,10,熱々おでん どんなに苦くても「苦い」がくるのは「熱い」のあと説,,,,FALSE,,,,,,
2020-11-11,244,11,「コケコッコー」や「クックドゥードゥルドゥー」など言語によって違いの激しいニワトリの鳴き声表記 音声認識ソフトにかかれば決着つく説,,,,FALSE,,,,,,
2020-11-11,244,12,美容院で注文通りに切っていくと天山の髪型になるオーダーしたら「あ 天山みたいな感じですね」と言われちゃう説,,,,FALSE,,,,,,
2020-11-11,244,13,たむけんの前髪クルンが いつもと逆でも気付く人マジで0人説,,,,FALSE,,,,,,
2020-11-11,244,14,すごい剣幕で「隠れて!」と言われたら とりあえず隠れちゃう説,,,,FALSE,,,,,,
2020-11-11,244,15,ボックスティッシュ向けられたら 特に必要じゃなくてもとりあえず1枚取っちゃう説,,,,FALSE,,,,,,
2020-11-11,244,16,カニ ほぼ「ガニ」と呼ばれてる説,,,,FALSE,,,,,,
2020-11-11,244,17,高身長のおばあちゃんが布袋柄の風呂敷背負ってたら 布袋の祖母かと思う説,,,,FALSE,,,,,,
2020-11-11,244,18,キウイ 好きな果物ランキングで本当に9位くらい説,,,,FALSE,,,,,,
2020-11-11,244,19,インターホンのモニターに映るゴージャス松野 もはや馬が来客したかのように見えるんじゃないか説,,,,FALSE,,,,,,
2020-11-25,245,1,寝坊癖相方 遅刻させチャレンジ,,,,FALSE,,,,,,
2020-11-25,245,2,"平成以降 いかなる天災もこうむっていない""選ばれし地""存在する説",,,,FALSE,,,,,,
2020-11-25,245,3,先輩の家で長風呂 1時間が限界説,,,,FALSE,,,,,,
2020-12-02,246,1,芸名と本名の知名度格差が最も大きい芸人 笑福亭鶴瓶説,,,,FALSE,,,,,,
2020-12-02,246,2,後輩に人望がない芸人No.1決定戦,,,,FALSE,,,,,,
2020-12-02,246,3,BKB 最初のB 8割「バリ」説,,,,FALSE,,,,,,
2020-12-09,247,1,街行く人の所持金 5人連続UPできるまで帰れません,,,,FALSE,,,,,,
2020-12-09,247,2,そんなわけがない芸人でも情報番組からコメンテーターのオファーが来たら身の程をわきまえず引き受けちゃう説,,,,FALSE,,,,,,
2020-12-16,248,1,東ブクロ 先輩芸人の嫁から色仕掛けくらってもさすがにもう乗ってこない説,,,,FALSE,,,,,,
2020-12-16,248,2,アスリートと暗闇での対決 暗視スコープをつけてれば一般人にもさすがに勝機ある説,,,,FALSE,,,,,,
2020-12-23,249,1,あるあるネタ 「ある」とは言いながらも実際に探すとなったら困難説,,,,FALSE,,,,,,
2020-12-23,249,2,「今から行くから待ってろ!」と電話でキレてきた相手がその怒りそのままにやってきたとき どんなにおかしな姿でもそこには触れられない説,,,,FALSE,,,,,,
2021-01-13,250,1,芸人の親が選ぶ 息子が最も輝いていた説SP,,,,FALSE,,,,,,
2021-01-13,250,2,・家に人が山ほど隠れていても意外と気付かない説,,,,FALSE,,,,,,
2021-01-13,250,3,・愛煙家 喫煙所までの道のりがどんなに困難でも向かっちゃう説,,,,FALSE,,,,,,
2021-01-13,250,4,・街で母親と出会ってもめちゃくちゃよそよそしかったら そのうちスゴく似ている別人だと思い始める説,,,,FALSE,,,,,,
2021-01-13,250,5,・花見のゴミを集めて桜前線と共に北上すれば そのゴミで作った船で津軽海峡渡れる説,,,,FALSE,,,,,,
2021-01-13,250,6,・帰巣本能 ハトよりヒトの方が優れてる説,,,,FALSE,,,,,,
2021-01-13,250,7,・クロちゃんツイッター企画第2弾 フューチャークロちゃん,,,,FALSE,,,,,,
2021-01-20,251,1,ドッキリバージン芸人 人生初のドッキリだったら多少粗くてもすんなり引っかかる説,,,,FALSE,,,,,,
2021-01-20,251,2,"オフで“デーモンと名乗るおじさん""に話しかけられたら どんなに怪しくても無下にはできない説",,,,FALSE,,,,,,
2021-01-20,251,3,女子中高生の人気芸人ランキング さすがのさすがにもうNON STYLEランク外説,,,,FALSE,,,,,,
2021-01-27,252,1,巨大借り物競争,,,,FALSE,,,,,,
2021-01-27,252,2,ロード 㐧15章 一般募集,,,,FALSE,,,,,,
2021-02-03,253,1,2020年 予告ドッキリ,,,,FALSE,,,,,,
2021-02-03,253,2,豆柴の大群“フィーチャリングゲスト”ランクアップチャレンジ,,,,FALSE,,,,,,
2021-02-10,254,1,豆柴の大群“フィーチャリングゲスト”ランクアップチャレンジ 完結編(クロちゃん1ヵ月の体重減に応じて豆柴の大群の新曲ゲストがランクアップ),,,,FALSE,,,,,,
2021-02-17,255,1,ネタ番組でつけられたキャッチフレーズ どんなにしんどいモノでも渋々受け入れちゃう説,,,,FALSE,,,,,,
2021-02-17,255,2,英語禁止ボウリング すゑひろがりず最強説,,,,FALSE,,,,,,
2021-02-17,255,3,イタコが降ろした故人にも催眠術かけられる説,,,,FALSE,,,,,,
2021-02-24,256,1,「今から行くから待ってろ!」と電話でキレてきた相手が その怒りそのままにやってきたとき どんなにおかしな姿でも そこには触れられない説 第2弾,"If an angry caller says ""you better stay put!"", you can't point out how ridiculous they look.",,,TRUE,https://chikichiki.tube/suiyoubinodowntown/video/2021-02-24-1-en,,,,,
2021-02-24,256,2,「男の知名度100%」で「女の知名度0%」のモノ ギリ存在する説,"There are things that 100% of men know that 0% of women know, and vice versa.",,,TRUE,https://chikichiki.tube/suiyoubinodowntown/video/2021-02-24-1-en,,,,,
2021-03-10,257,1,“まだ誰もやってない” モノマネ王座決定戦,,,,FALSE,,,,,,
2021-03-10,257,2,CMホントドッキリ,,,,FALSE,,,,,,
2021-03-10,SP,1,クイックマッスル×クイズ,,,,FALSE,,,,,,
2021-03-17,258,1,大声×クイズ,,,,FALSE,,,,,,
2021-03-17,258,2,極寒×クイズ,,,,FALSE,,,,,,
2021-03-17,258,3,不眠×クイズ,,,,FALSE,,,,,,
2021-03-24,259,1,30-1グランプリ,,,,FALSE,,,,,,
2021-03-31,260,1,一人暮らしでもトイレに入ってる時 ノックされたら「入ってます」と言っちゃう説,"If you're home alone and someone knocks on your bathroom door, you will still answer ""I'm in here!""",,,TRUE,https://chikichiki.tube/suiyoubinodowntown/video/2021-03-31-1-en,,,,,
2021-03-31,260,2,どんなゲテモノでもマシュマロキャッチの流れで投げられたら食べちゃう説,"No matter how unpalatable the food, if you were on a streak catching marshmallows in your mouth, you'd eat it.",,,TRUE,https://chikichiki.tube/suiyoubinodowntown/video/2021-03-31-1-en,,,,,
2021-03-31,260,3,小学校や中学校の校名に入ってる方角「東」が多い説,"""East"" is the most commonly found direction in the names of elementary and middle schools.",,,TRUE,https://chikichiki.tube/suiyoubinodowntown/video/2021-03-31-1-en,,,,,
2021-03-31,260,4,サウナの中だったら熱々の食べ物も普通に食える説,"If you're sitting in a sauna, you should be able to eat scalding foods.",,,TRUE,https://chikichiki.tube/suiyoubinodowntown/video/2021-03-31-1-en,,,,,
2021-03-31,260,5,ズボンの裾が縫い付けてあったら転倒不可避説,"If you put on your pants with the hem sewn shut, you will fall down.",,,TRUE,https://chikichiki.tube/suiyoubinodowntown/video/2021-03-31-1-en,,,,,
2021-03-31,260,6,夏休みに自転車で日本一周してた小学生 さぞ立派な大人になってる説,Kids who complete a bike tour across Japan will turn out to be splendid adults.,,,TRUE,https://chikichiki.tube/suiyoubinodowntown/video/2021-03-31-1-en,,,,,
2021-03-31,260,7,築年数MAXの賃貸物件 江戸時代の建物説,The oldest property available for rent is from the Edo period.,,,TRUE,https://chikichiki.tube/suiyoubinodowntown/video/2021-03-31-1-en,,,,,
2021-03-31,260,8,「ジミーちゃんやってる?」のフリ 今 小学生から振られたら驚きが勝って流石のジミーも即座には返せない説,"If an elementary school student asked ""Jimmy, are you getting any?"", he'd be too surprised to respond.",,,TRUE,https://chikichiki.tube/suiyoubinodowntown/video/2021-03-31-1-en,,,,,
2021-03-31,260,9,姉が踊り子で妹が占い師のマーニャとミネアパターン姉妹どこかに存在する説,"Find real life Maya and Meena, where the elder sister dances and the younger sister tells fortunes.",,,TRUE,https://chikichiki.tube/suiyoubinodowntown/video/2021-03-31-1-en,,,,,
2021-03-31,260,10,「ずんのやす」なぜか間に「の」絶対入る説,"When talking about Yasu from Zun, you always have to include the word ""from.""",,,TRUE,https://chikichiki.tube/suiyoubinodowntown/video/2021-03-31-1-en,,,,,
2021-03-31,260,11,犬より早く水を舐めつくすこと不可能説,It's not possible to lap up water faster than a dog.,,,TRUE,https://chikichiki.tube/suiyoubinodowntown/video/2021-03-31-1-en,,,,,
2021-03-31,260,12,安全靴 マジで安全説,Safety shoes are really safe.,,,TRUE,https://chikichiki.tube/suiyoubinodowntown/video/2021-03-31-1-en,,,,,
2021-03-31,260,13,ビトタケシの似顔絵を見せて「誰の似顔絵?」一撃で「ビトタケシ」と答えられるヤツ マジで0人説,"If shown a caricature of Bit Takeshi and asked who it is, not a single person will respond ""Bit Takeshi.""",,,TRUE,https://chikichiki.tube/suiyoubinodowntown/video/2021-03-31-1-en,,,,,
2021-03-31,260,14,部屋に閉じ込められた人 最初にカギがかかってたら そのあと開いてても気付かない説,"If locked in a room, after checking the lock once you won't check it again later.",,,TRUE,https://chikichiki.tube/suiyoubinodowntown/video/2021-03-31-1-en,,,,,
2021-03-31,260,15,日本一海から遠いところにある寿司屋 鮮度心配説,Freshness is a concern at the sushi restaurant furthest from the ocean.,,,TRUE,https://chikichiki.tube/suiyoubinodowntown/video/2021-03-31-1-en,,,,,
2021-03-31,260,16,布袋柄の服を着た子供が商業施設で迷子になっていたら「布袋柄の服をお召しになった･･･」と的確にアナウンスしてくれる説,"If a child wearing Hotei-print clothing got lost at a shopping mall, he could be found via intercom as the ""child wearing Hotei-print clothing.""",,,TRUE,https://chikichiki.tube/suiyoubinodowntown/video/2021-03-31-1-en,,,,,
2021-03-31,260,17,「ずんのやす」なぜか間に「の」絶対入る説 その②,"When talking about Yasu from Zun, you always have to include the word ""from."" (Part 2)",,,TRUE,https://chikichiki.tube/suiyoubinodowntown/video/2021-03-31-1-en,,,,,
2021-04-14,261,1,アメとムチならムチの方が力出る説 第2弾,,,,FALSE,,,,,,
2021-04-14,261,2,昭和 今考えるとめちゃくちゃ説,,,,FALSE,,,,,,
2021-04-14,261,3,たとえ閉じ込められていても「今日のラッキーアイテム」さえ手に入ればそのラッキーで脱出できる説,,,,FALSE,,,,,,
2021-04-21,262,1,たとえ閉じ込められていても「今日のラッキーアイテム」さえ手に入ればそのラッキーで脱出できる説 完結編,,,,FALSE,,,,,,
2021-05-05,263,1,ヤラセ設定持ちかけられた芸人 番組成立のためならついつい片棒担いじゃう説,,,,FALSE,,,,,,
2021-05-05,263,2,名前貸しのプロデュースオファー どんなにしんど目の内容でもギャラ次第では受けちゃう説,,,,FALSE,,,,,,
2021-05-12,264,1,お寿司の達人 第5弾,,,,FALSE,,,,,,
2021-05-12,264,2,隣のヤツがとんでもないゴシップ話してたら仕事そっちのけで釘付けになっちゃう説,,,,FALSE,,,,,,
2021-05-26,265,1,知り合いの中から好きな人順に告白していけば誰でもさすがに100人以内で恋人できる説,,,,FALSE,,,,,,
2021-05-26,265,2,ダブルマジギレドッキリ,,,,FALSE,,,,,,
2021-06-02,266,1,突然マネージャーから鬼越トマホークの「うるせえなぁ!」のくだり食らったら意外とシリアスな状況になっちゃう説,,,,FALSE,,,,,,
2021-06-02,266,2,むつみ荘 令和になっても都内で最もお得説,,,,FALSE,,,,,,
2021-06-02,266,3,史上最も売れなかった芸人のCD ハリセンボンの「ともだちのうた」説,,,,FALSE,,,,,,
2021-06-09,267,1,隣のヤツがとんでもないゴシップ話してたら仕事そっちのけで釘付けになっちゃう説 第2弾,,,,FALSE,,,,,,
2021-06-09,267,2,「俺 迷惑系YouTuberになる」と子供から言われて「お前が選んだ道なら…」と応援スタンスをとる親などいない説,,,,FALSE,,,,,,
2021-06-16,268,1,「家庭と仕事どっちが大事なの?」の究極 夫婦コンビの妻から「離婚」か「コンビ解散」の2択迫られるパターン説,,,,FALSE,,,,,,
2021-06-16,268,2,「あの人は今」で全く別人が出てきても指摘できない説 第2弾,,,,FALSE,,,,,,
2021-06-16,268,3,「馬用」と聞かされれば強めの効果期待しちゃう説,,,,FALSE,,,,,,
2021-06-23,269,1,知り合いの中から好きな人順に告白していけば誰でもさすがに100人以内で恋人できる説 第2弾,,,,FALSE,,,,,,
2021-06-23,269,2,打ち合わせ中 隣の部屋からカレーの匂いを送り続けたら その後全員カレー食う説 第2弾,,,,FALSE,,,,,,
2021-06-30,270,1,突然マネージャーから鬼越トマホークの「うるせえなぁ!」のくだり食らったら意外とシリアスな状況になっちゃう説 第2弾,,,,FALSE,,,,,,
2021-06-30,270,2,自分の商売道具 完璧に把握していなければプロ失格説 第2弾,,,,FALSE,,,,,,
2021-06-30,270,3,SONY芸人 SONY製品持ってないとは言わせない説,,,,FALSE,,,,,,
2021-07-14,271,1,声を操るプロ 声優ならモノマネも上手いはず説,,,,FALSE,,,,,,
2021-07-14,271,2,辛さに強い人vs辛さは苦手な大食いの「激辛大食い」トントン説,,,,FALSE,,,,,,
2021-07-14,271,3,逆に林家ぺーの誕生日を知っている芸能人 悲しいかないない説,,,,FALSE,,,,,,
2021-07-21,272,1,芸人が今までで一番スゴいと思ったコメント調査,,,,FALSE,,,,,,
2021-07-21,272,2,「お前が歌うんかい!」のパターン ツッコミ芸人ならどんな状況でも一発でツッコめる説 第2弾,,,,FALSE,,,,,,
2021-07-21,272,3,突然マネージャーから鬼越トマホークの「うるせえなぁ!」のくだり食らったら意外とシリアスな状況になっちゃう説 FINAL,,,,FALSE,,,,,,
2021-08-11,273,1,マヂカルラブリーの「つり革ネタ」級にゆれる電車があっても 野田クリスタルなら最後まで立っていられるはず説,,,,FALSE,,,,,,
2021-08-11,273,2,突然ネタに関するアドバイスをしてきた老紳士が 後日テレビ局の取締役として収録現場に現れたら急ピッチで言われた通りにネタ修正しちゃう説,,,,FALSE,,,,,,
2021-08-18,274,1,「後部座席に人がいる」の仕掛け人に仕掛ける「サードシートにも人がいる」が結局一番怖い説,,,,FALSE,,,,,,
2021-08-18,274,2,マニアックすぎて1つも売れたことがない業務用機械 存在する説,,,,FALSE,,,,,,
2021-08-18,274,3,釣りで大物がかかって海に引っ張られる演技をすれば 最大5人は道連れに落ちれる説,,,,FALSE,,,,,,
2021-08-25,275,1,クロちゃん 部屋ごと無人島生活,"Kuro-chan Island, Part 1",,,TRUE,,,,,,
2021-09-01,276,1,クロちゃん 部屋ごと無人島生活→クロちゃん緊急新居探し企画,"Kuro-chan Island, Part 2",,,TRUE,,,,,,
2021-09-08,277,1,芸人の名前だけでいい感じの歌詞作れる説 第2弾,,,,FALSE,,,,,,
2021-09-08,277,2,宇多田ヒカル/First Loveの「誰を思ってるんだろう」の部分 カラオケで全員「誰を思ってるんだはー」と歌う説,,,,FALSE,,,,,,
2021-09-08,277,3,吉幾三の「俺ら東京さ行ぐだ」と同じ状況の村 現存する説,,,,FALSE,,,,,,
2021-09-08,277,4,ワークマンと新日本ハウスの曲 いずれかを歌ったが最後 もう一方は2度と思い出せない説,,,,FALSE,,,,,,
2021-09-08,277,5,矢口真里 説教食らった後にカラオケで「恋のダンスサイト」歌われてもさすがに「セクシービーム」入れづらい説,,,,FALSE,,,,,,
2021-09-08,277,6,店内BGM 有名曲が違う歌詞になっていても気付かない説,,,,FALSE,,,,,,
2021-09-08,277,7,歯なし 歌下手説,,,,FALSE,,,,,,
2021-09-08,277,8,SADSの「忘却の空」を超える清春の超クセソング聞き取りチャレンジ,,,,FALSE,,,,,,
2021-09-15,278,1,説教中に長渕の歌詞 自然に盛り込むこと可能説,"When lecturing someone, it's ok to add Nagabuchi's lyrics.",,,TRUE,,,,,,
2021-09-15,278,2,強い意思があれば寝た後の体もコントロールできる説,"If you have a strong will, you can control your body after falling asleep.",,,FALSE,,,,,,
2021-09-15,278,3,東京モノレールの「整備場駅」が最寄駅の住人いない説,"There are no residents whose closest station is ""Meibijo"" on the Tokyo Monorail.",,,FALSE,,,,,,
2021-09-22,279,1,マツケンサンバを踊りながら泣くことなど出来ない説,,,,FALSE,,,,,,
2021-09-22,279,2,相方“2度見させ”選手権,,,,FALSE,,,,,,
2021-09-29,280,1,おぼん・こぼんヒストリー,,,,FALSE,,,,,,
2021-10-06,281,1,おぼん・こぼん THE FINAL,,,,FALSE,,,,,,
2021-10-13,282,1,説教中に長渕の歌詞 自然に盛り込むこと可能説 第2弾,,,,FALSE,,,,,,
2021-10-13,282,2,モノマネ番組の子供そっくりさん 今いよいよご本人そっくりになってる説,,,,FALSE,,,,,,
2021-10-13,282,3,嫁対抗 寝言で夫笑わせ選手権,,,,FALSE,,,,,,
2021-10-20,283,1,「ラヴィット!」の女性ゲストを大喜利芸人軍団が遠隔操作すればレギュラーメンバーより笑い取れる説,"If the female guest on ""Love It!"" were remote-controlled by an army of comedians, she would steal all the laughs from the regulars",,,TRUE,,,,,,
2021-10-20,283,2,天才松本人志と全く同じセンスを持つ芸人発掘プロジェクト,,,,FALSE,,,,,,
2021-11-10,284,1,関西人狼,Find the fake Kansai natives.,,,TRUE,https://chikichiki.tube/suiyoubinodowntown/video/2021-11-10-1-en,,,,,
2021-11-10,284,2,レジ袋なしでコンビニから商品を持って帰れる限界 1万円分説,"You can't carry more than 10,000 yen worth of products from a convenience store without a bag.",,,TRUE,https://chikichiki.tube/suiyoubinodowntown/video/2021-11-10-1-en,,,,,
2021-11-10,284,3,神輿ダコの人 コロナ禍でそろそろタコ消失説,Are people with mikoshi dako (shoulder bump) losing it because of coronavirus?,,,TRUE,https://chikichiki.tube/suiyoubinodowntown/video/2021-11-10-1-en,,,,,
2021-11-17,285,1,ブチギレてるやつ 存在しない言葉使ってもバレない説,Someone who is angry can get away with using words that don't exist.,,,TRUE,https://chikichiki.tube/suiyoubinodowntown/video/2021-11-17-1-en,,,,,
2021-11-17,285,2,内藤剛志 この20年 刑事役以外やってない説,Naito Takashi has only been doing detective roles for the last 20 years.,,,TRUE,https://chikichiki.tube/suiyoubinodowntown/video/2021-11-17-1-en,,,,,
2021-11-17,285,3,1巻を読んだ帰り道に思わず2巻を買ってしまうマンガこそ本当に面白いマンガ説,A manga is really interesting if you buy the second volume without thinking after reading the first.,,,TRUE,https://chikichiki.tube/suiyoubinodowntown/video/2021-11-17-1-en,,,,,
2021-11-17,285,4,子守唄 どんな歌詞でも赤ちゃんは寝る説,"No matter what the lullaby's lyrics are, a baby will fall asleep.",,,TRUE,https://chikichiki.tube/suiyoubinodowntown/video/2021-11-17-1-en,,,,,
2021-11-24,286,1,落とし穴に落ちたのに一向にネタばらしが来ないまま日が暮れたら正気じゃいられない説,"If you fall into a pit and nobody gets you, you won't stay sane.",,,TRUE,https://chikichiki.tube/suiyoubinodowntown/video/2021-11-24-1-en,,,,,
2021-12-01,287,1,女優ライト MAXで当てたら正体不明説,You can't identify an actress if they are hit with maximum lighting.,,,TRUE,https://chikichiki.tube/suiyoubinodowntown/video/2021-12-01-1-en,,,,,
2021-12-01,287,2,「停電から復旧したら人がいる」が結局 一番怖い説,The scariest thing is an unknown person in your room immediately after a power outage.,,,TRUE,https://chikichiki.tube/suiyoubinodowntown/video/2021-12-01-1-en,,,,,
2021-12-01,287,3,プロレスラー 噴水相手にも3カウント取れる説,A wrestler can keep a water fountain opponent down.,,,TRUE,https://chikichiki.tube/suiyoubinodowntown/video/2021-12-01-1-en,,,,,
2021-12-01,287,4,お台場に一戸建て存在しない説,There are no single-family houses in Odaiba.,,,TRUE,https://chikichiki.tube/suiyoubinodowntown/video/2021-12-01-1-en,,,,,
2021-12-01,287,5,電話越しならジジイでも相手に子供だと思わせること可能説,An old person can make somebody believe they are a child over the phone.,,,TRUE,https://chikichiki.tube/suiyoubinodowntown/video/2021-12-01-1-en,,,,,
2021-12-01,287,6,保留 先輩からの電話でも待てて10分説,"If put on hold by your senior, will you wait for over 10 minutes for them to return?",,,TRUE,https://chikichiki.tube/suiyoubinodowntown/video/2021-12-01-1-en,,,,,
2021-12-01,287,7,賞レースで優勝したらマジで身に覚えの無いヤツからも連絡くる説 第2弾,"If you win a major award, you will be contacted by someone you really don't know.",,,TRUE,https://chikichiki.tube/suiyoubinodowntown/video/2021-12-01-1-en,,,,,
2021-12-01,287,8,果物の方のボンタンを収穫することも「ボンタン狩り」と言う説,"Harvesting pomelo fruits is also called ""bontan hunting"".        ",,,TRUE,https://chikichiki.tube/suiyoubinodowntown/video/2021-12-01-1-en,,,,,
2021-12-01,287,9,めちゃくちゃうるさい所で寝てたら逆に静かになった瞬間 目が覚める説,"If you sleep in an insanely noisy place, you will wake up the moment it becomes quiet.",,,TRUE,https://chikichiki.tube/suiyoubinodowntown/video/2021-12-01-1-en,,,,,
2021-12-01,287,10,若手芸人がめちゃくちゃノブの口調だったら先輩もさすがに注意する説,"If a young comedian starts talking like Nobu, they will be scolded by a senior comedian.",,,TRUE,https://chikichiki.tube/suiyoubinodowntown/video/2021-12-01-1-en,,,,,
2021-12-01,287,11,どう見ても80超えの お年寄りに年齢を聞いて「60歳です」と ありえない若い年齢が返ってきたたときのコメントも やっぱり「見えないですね」説,"If you ask someone who looks over 80 how old they are, and they respond ""I'm 60!"", you will respond ""well, you don't look it!""",,,TRUE,https://chikichiki.tube/suiyoubinodowntown/video/2021-12-01-1-en,,,,,
2021-12-01,287,12,トラメガ 無能説,Are megaphones ineffective?,,,TRUE,https://chikichiki.tube/suiyoubinodowntown/video/2021-12-01-1-en,,,,,
2021-12-01,287,13,あの揚げ菓子の呼び名 チュロス50% チュリトス30% チュロ20%説,"That the cinnamon-fried snack is called ""churros"" 50% of the time, ""churritos"" 30% of the time, and ""churro"" 20% of the time.",,,TRUE,https://chikichiki.tube/suiyoubinodowntown/video/2021-12-01-1-en,,,,,
2021-12-01,287,14,「yuri_ebihara」のアカウントだけ見せて「誰のインスタでしょう?」と聞いたら後楽園周辺では「蛯原友里」と「ユーリ海老原」で半々説,"Who does the Instragram account ""yuri_ebihara"" belong to?",,,TRUE,https://chikichiki.tube/suiyoubinodowntown/video/2021-12-01-1-en,,,,,
2021-12-01,287,15,シールを貼って街の意見を聞くスタイルの投票 抱かれたいミュージシャンが布袋寅泰99票 福山雅治0票の状態で聞かれたら流されて布袋に貼っちゃう可能性もある説,Voting in the style of sticking stickers and listening to the opinions of the city.,,,TRUE,https://chikichiki.tube/suiyoubinodowntown/video/2021-12-01-1-en,,,,,
2021-12-08,288,1,久しく見ていない女タレントが死ぬほど整形していても指摘しづらい説,It's hard to point out plastic surgery on a female actress you haven't seen in a while.,,,TRUE,https://chikichiki.tube/suiyoubinodowntown/video/2021-12-08-1-en,,,,,
2021-12-08,288,2,売れない芸人対抗 楽屋の弁当持って帰り王決定戦,Competition to take the most bento boxes home from backstage.,,,TRUE,https://chikichiki.tube/suiyoubinodowntown/video/2021-12-08-1-en,,,,,
2021-12-15,289,1,第7回 替え歌 最強トーナメント,7th annual lyric changing tournament.,,,TRUE,https://chikichiki.tube/suiyoubinodowntown/video/2021-12-15-1-en,,,,,
2021-12-15,289,2,おじいちゃんによる「孫笑わせ選手権」で孫が全く笑わない逆ドッキリ 切ない説,"Make-your-grandkid-laugh challenge, but the grandkid doesn't laugh at all.",,,TRUE,https://chikichiki.tube/suiyoubinodowntown/video/2021-12-15-1-en,,,,,
2021-12-15,289,3,ザ・たっちにもピンの仕事 あるにはある説,"Even ""The Touch"" (and other comedy duos) do some solo gigs.",,,TRUE,https://chikichiki.tube/suiyoubinodowntown/video/2021-12-15-1-en,,,,,
2021-12-22,290,1,どこにもカメラが見当たらない狂気のロケでもゲストに指摘されずに進めること可能説,"Even on a crazy on-location shoot where there are no cameras, the guest won't point it out.",,,TRUE,https://chikichiki.tube/suiyoubinodowntown/video/2021-12-22-1-en,,,,,
2021-12-22,290,2,泣き落としのトークがどんなに上手くても最終的に「かあさんの歌」で泣かせるの困難説,"No matter how much you tug at someone's heartstrings, it's difficult to make them cry with Mother's Song.",,,TRUE,https://chikichiki.tube/suiyoubinodowntown/video/2021-12-22-1-en,,,,,
2021-12-22,290,3,「帯番組」のMCということで喜んで受けたオファーが「着物の帯を紹介する番組」だったとしても「だったらやめます」とは言い出しづらい説,"If someone accepts an MC job on an ""obi program"", even if the show turns out to be about kimono obi, they won't say no to doing it.",,,TRUE,https://chikichiki.tube/suiyoubinodowntown/video/2021-12-22-1-en,,,,,
2022-01-12,291,1,サンシャイン池崎の実家 令和になってもボロさ最強説,,,,FALSE,,,,,,
2022-01-12,291,2,大食い×ストラックアウト,,,,FALSE,,,,,,
2022-01-12,291,3,歩きながら電話してる人 相手から衝撃的なこと伝えられたら立ち止まる説,,,,FALSE,,,,,,
2022-01-19,292,1,クロちゃん宅に潜伏中,,,,FALSE,,,,,,
2022-01-19,292,2,日本一学校から遠い家に住んでる子供 毎朝5時起き説,,,,FALSE,,,,,,
2022-01-26,293,1,女子中高生の人気芸人ランキング なんぼなんでもNON STYLEもうランク外説,,,,FALSE,,,,,,
2022-01-26,293,2,不仲芸人対抗 スピード解散選手権,,,,FALSE,,,,,,
2022-02-09,294,1,2021年 予告ドッキリ,2021 Prank Review.,,,TRUE,https://chikichiki.tube/suiyoubinodowntown/video/2022-02-09-1-en,,,,,
2022-02-09,294,2,雪山 風船太郎レース,Snowy mountain balloon taro race.,,,TRUE,https://chikichiki.tube/suiyoubinodowntown/video/2022-02-09-1-en,,,,,
2022-02-16,295,0,チョウチンアンコウの罠 人間にも通用する説,Verify a monkfish's trap also works on humans.,,,TRUE,https://chikichiki.tube/suiyoubinodowntown/video/2022-02-16-1-en,,,,,
2022-02-16,295,0,輪ゴムが10本あれば誰でも正体不明に出来る説,A person with ten rubber bands on their face isn't recognizable.,,,TRUE,https://chikichiki.tube/suiyoubinodowntown/video/2022-02-16-1-en,,,,,
2022-02-16,295,0,ハッピーサプライズを仕掛けた相手がウレションしたら仕掛け人の方 一瞬で真顔になる説,"If a person who receives a surprise wets themselves, the instigator will get serious.",,,TRUE,https://chikichiki.tube/suiyoubinodowntown/video/2022-02-16-1-en,,,,,
2022-02-16,295,0,2段ベッドで寝てる夫婦などいない説,There are couples who sleep in bunk beds.,,,TRUE,https://chikichiki.tube/suiyoubinodowntown/video/2022-02-16-1-en,,,,,
2022-02-23,296,1,自分の私物を他人が身に付けてても意外と気付かない説 第2弾,If someone else wears your personal belongings you will not notice it,,,TRUE,https://chikichiki.tube/suiyoubinodowntown/video/2022-02-23-1-en,,,,,
2022-02-23,296,2,芸人なら誰しも自分なりの浅草キッドある説,Verify that all comedians have their own Asakusa kid.,,,TRUE,https://chikichiki.tube/suiyoubinodowntown/video/2022-02-23-1-en,,,,,
2022-03-02,297,1,芸人が今までで一番スゴいと思ったコメント調査 第2弾,2nd survey on best comments made by comedians.,,,TRUE,https://chikichiki.tube/suiyoubinodowntown/video/2022-03-02-1-en,,,,,
2022-03-02,297,2,どれだけ苦手な食べ物でも その最高峰を食べたら旨いと感じる説,"No matter how much you dislike a type of food, if you eat it at its peak quality, you will think it's delicious.",,,TRUE,https://chikichiki.tube/suiyoubinodowntown/video/2022-03-02-1-en,,,,,
2022-03-09,298,1,長い説タイトルランキングSP,Long theory name ranking special!,,,TRUE,https://chikichiki.tube/suiyoubinodowntown/video/2022-03-09-1-en,,,,,
2022-03-23,299,1,リアルに「へぇ」と言わせるの難しい説,"It's difficult to get a person to say ""huh"".",,,TRUE,https://chikichiki.tube/suiyoubinodowntown/video/2022-03-23-1-en,,,,,
2022-03-23,299,2,素人を紹介する際にピッタリの一言を添える関根勤のあの芸 後継者いない説,There is no successor to Tsutomu Sekine's art of introducing members of the public.,,,TRUE,https://chikichiki.tube/suiyoubinodowntown/video/2022-03-23-1-en,,,,,
2022-03-23,299,3,Tシャツたたみのあの裏ワザ 起源謎説,The mysterious origin of the t-shirt folding technique.,,,TRUE,https://chikichiki.tube/suiyoubinodowntown/video/2022-03-23-1-en,,,,,
2022-04-06,300,1,本物のハチ公を見たことがある人 まだギリこの世にいる説,There are people who saw the real Hachiko who are still alive.,,,TRUE,,,,,,
2022-04-06,300,2,「それ俺の方が先にやってる」とキャラ被りに難癖つけてくる先輩 かわすのムズい説,It's hard to overcome a senpair who plays the same character as you.,,,TRUE,,,,,,
2022-04-06,300,3,ほんこんの本名 フルで答えられる若手いない説,There are no young comedians who know the real name of Honkon.,,,TRUE,,,,,,
2022-04-13,301,1,30-1グランプリ 2022,,,,FALSE,,,,,,
2022-04-20,302,1,ダイアン津田「ごいごいすー」言わせようとすると逆に意外と言わない説,,,,FALSE,,,,,,
2022-04-20,302,2,出演者が店に直接許可を取るタイプの街ブラロケで店に入った相方が待てど暮らせど戻って来なかったら最悪の事態も想像しちゃう説,,,,FALSE,,,,,,
2022-04-27,303,1,「帰宅したらトイレに鍵がかかってる」も結構怖い説,,,,FALSE,,,,,,
2022-04-27,303,2,若手芸人 コンプライアンスでがんじがらめにされても従わざるを得ない説,,,,FALSE,,,,,,
2022-05-04,304,1,メシ屋で提供が早すぎたら それはそれで おっかない説,,,,FALSE,,,,,,
2022-05-04,304,2,プラス・マイナスの岩橋の「体つきモノマネ」細い人でも細いなりのパターンできる説,,,,FALSE,,,,,,
2022-05-04,304,3,引退試合でデッドボール食らった人 さすがに いない説,,,,FALSE,,,,,,
2022-05-04,304,4,剣道 びんぼっちゃまスタイルでもバレない説,,,,FALSE,,,,,,
2022-05-04,304,5,ポパイの弁当に入ってる卵が生卵でも気付きようない説,,,,FALSE,,,,,,
2022-05-04,304,6,フラッシュ暗算 途中に めちゃ気が散る画像挟まれたら さすがの暗算名人でも正解出せない説,,,,FALSE,,,,,,
2022-05-04,304,7,ウエイトリフティング 水中なら世界記録出せる説,,,,FALSE,,,,,,
2022-05-04,304,8,「お風呂が沸きました」生声でも意外と気付かない説,,,,FALSE,,,,,,
2022-05-04,304,9,アニマル浜口の「気合いだー!」連発 両手が塞がってたら どこで止めていいか分からなくなる説,,,,FALSE,,,,,,
2022-05-04,304,10,ポパイの弁当に入ってる卵が生卵でも気付きようない説 その2,,,,FALSE,,,,,,
2022-05-04,304,11,池谷直樹 普通にも走れる説,,,,FALSE,,,,,,
2022-05-04,304,12,ルービックキューブ 1色多くてもバカは永遠に気付かない説,,,,FALSE,,,,,,
2022-05-04,304,13,函館の夜景 北海道のデカさナメてて場所勘違いしてる人 結構いる説,,,,FALSE,,,,,,
2022-05-04,304,14,本屋の店員 制服がエプロンなの謎説,,,,FALSE,,,,,,
2022-05-04,304,15,女性のショートカット率 年代と ほぼ一致説,,,,FALSE,,,,,,
2022-05-04,304,16,「布袋モデル」と言われたら どんなにデカいギターでも信じちゃう説,,,,FALSE,,,,,,
2022-05-11,305,1,風船バレー 大人がマジでやったらなかなか決着つかない説,,,,FALSE,,,,,,
2022-05-11,305,2,自分の私物を他人が身に付けてても意外と気付かない説 第3弾,,,,FALSE,,,,,,
2022-05-18,306,1,「今から行くから待ってろ!」と電話でキレてきた相手がその怒りそのままにやってきたとき どんなにおかしな姿でもそこには触れられない説,,,,FALSE,,,,,,
2022-05-18,306,2,有名人の身内 気をつけないと悪いモノマネ芸人にオレオレ詐欺で騙される説,,,,FALSE,,,,,,
2022-05-18,306,3,ブチギレてるやつ 存在しない言葉使ってもバレない説,,,,FALSE,,,,,,
2022-05-18,306,4,社交ダンスのパートナーからの内股 不回避説,,,,FALSE,,,,,,
2022-05-18,306,5,真面目な相談の電話中でも しっかり飯食うこと可能説,,,,FALSE,,,,,,
2022-05-18,306,6,「おはようございます」「お」と「す」さえ合っていれば間は何でもいける説,,,,FALSE,,,,,,
2022-05-25,307,1,どんな芸人でもめちゃくちゃ地元なら好きな芸人ランキングで1位になれる説 第2弾,,,,FALSE,,,,,,
2022-05-25,307,2,ハプニング盛り込みネタ選手権,,,,FALSE,,,,,,
2022-06-01,308,1,伝説の女“K.カズミ”の真相に迫る,,,,FALSE,,,,,,
2022-06-08,309,1,街中異種ビンゴ大会 第2弾,,,,FALSE,,,,,,
2022-06-08,309,2,芸人コンビのネタ作ってない方 相方がどんなにつまんないネタ作ってきても文句言う権利ない説 第2弾,,,,FALSE,,,,,,
2022-06-15,310,1,しんどい先輩芸人からYouTubeでコラボしたいと言われた時の断り方ムズい説,,,,FALSE,,,,,,
2022-06-15,310,2,タイミングよく屁をかませばブーブークッションに引っかかったと思わせることも可能説,,,,FALSE,,,,,,
2022-06-22,311,1,タッグ相撲 最強コンビ決定戦,,,,FALSE,,,,,,
2022-06-22,311,2,相方“2度見させ”選手権 第2弾,,,,FALSE,,,,,,
2022-06-29,312,1,マツケンサンバを踊りながら泣くことなど出来ない説 第2弾,,,,FALSE,,,,,,
2022-06-29,312,2,陰口引き出し王決定戦,,,,FALSE,,,,,,